Date,close,high,low,open,volume,openinterest
2023-06-27,11.670531272888184,12.002702830844829,11.47500338470761,11.754329042102942,354200,0
2023-06-28,11.233426094055176,11.520301306990277,11.059790774664231,11.331567671108896,369800,0
2023-06-29,11.610892295837402,11.761879046636261,11.494632173739552,11.724132178946142,234500,0
2023-06-30,11.324017524719238,11.98835997256483,10.614379409953289,11.98835997256483,531300,0
2023-07-03,11.920416831970215,12.01100889397837,11.527851229934868,11.588245937940306,306000,0
2023-07-05,11.35421371459961,11.49765093845785,11.15038179438405,11.18057914256271,334900,0
2023-07-06,11.225876808166504,11.490104191853717,10.886156400541301,11.490104191853717,336500,0
2023-07-07,11.135284423828125,11.339117094456077,11.045446885597766,11.142833941991015,171500,0
2023-07-10,11.625988960266113,11.625988960266113,11.082436734564347,11.097535047519749,520100,0
2023-07-11,11.369314193725586,11.542948787831687,11.146608452616167,11.225876231674606,418100,0
2023-07-12,11.135284423828125,11.573146397812229,11.052241883921374,11.422159634362828,422300,0
2023-07-13,12.23673152923584,12.380923989484542,11.286269243090858,11.324016107441308,1288300,0
2023-07-14,10.976747512817383,11.934759425921378,10.817456720499424,11.792076708655467,682200,0
2023-07-17,10.750266075134277,11.059789075224785,10.576631502385583,11.00694389568589,503400,0
2023-07-18,10.606829643249512,10.810661579531347,10.418096022266289,10.659674826737094,552200,0
2023-07-19,10.840859413146973,10.886155800984419,10.584182281940304,10.757816875400255,303100,0
2023-07-20,10.614380836486816,11.006946455723062,10.448295022213687,10.969199581575294,325200,0
2023-07-21,10.697423934936523,10.82576288167586,10.621930182750404,10.720071772607648,226800,0
2023-07-24,10.11612319946289,10.244462137124462,9.92361551293226,10.22936381973225,520700,0
2023-07-25,10.17651653289795,10.297306655511173,10.131220866884417,10.131220866884417,292200,0
2023-07-26,10.282207489013672,10.325994114891285,10.153868570343356,10.184821160361611,125900,0
2023-07-27,10.0557279586792,10.36449648861332,9.980234935783338,10.335053655313434,214700,0
2023-07-28,10.221813201904297,10.395448512994962,10.123671629542033,10.176516814674924,346500,0
2023-07-31,10.063277244567871,10.304856064194595,10.040629410218283,10.304856064194595,213600,0
2023-08-01,10.146320343017578,10.191616734174843,9.595218450380857,9.866994637439303,384300,0
2023-08-02,10.033080101013184,10.274658925669817,9.830002667548651,10.229363256027542,494600,0
2023-08-03,10.11612319946289,10.228608579879863,10.017982336509197,10.040630172578377,295800,0
2023-08-04,9.919839859008789,10.168968193188222,9.866993952997447,10.063277101127202,712200,0
2023-08-07,10.002881050109863,10.025528881086911,9.655611188628342,9.95003587117623,240400,0
2023-08-08,10.561532020568848,10.682321408658598,10.14631795903917,10.259558550344469,279300,0
2023-08-09,10.168967247009277,10.606829170581141,10.1387698977961,10.599279653287448,370300,0
2023-08-10,10.17651653289795,10.395448225156,10.085924480909254,10.31995448851794,169700,0
2023-08-11,10.146320343017578,10.289758315047488,10.040629963586817,10.191616734174843,198800,0
2023-08-14,10.101024627685547,10.342603459570809,10.017982084215417,10.085925590711863,226200,0
2023-08-15,9.980232238769531,10.210486724334897,9.889640203798676,10.116119931245068,146200,0
2023-08-16,9.919839859008789,10.00288239708138,9.791500932921002,9.919839859008789,139700,0
2023-08-17,9.059212684631348,9.504624090152902,8.908225950546466,9.504624090152902,567100,0
2023-08-18,7.873965740203857,8.077797646519011,7.609738421688505,7.994755124681211,561300,0
2023-08-21,7.873965740203857,7.919261399402104,7.6852321469676115,7.806021531444966,190200,0
2023-08-22,7.662585735321045,7.827917025411624,7.632388380776437,7.813573228005807,114400,0
2023-08-23,8.115548133850098,8.228788052384198,7.670136539682104,7.677686059574202,375900,0
2023-08-24,7.77582311630249,7.9721061990738775,7.655033748431305,7.9721061990738775,305100,0
2023-08-25,7.730527400970459,7.934360016563254,7.609738022824278,7.858866295241149,250500,0
2023-08-28,7.745628833770752,7.8588687308881156,7.700332442946783,7.745628833770752,175700,0
2023-08-29,8.85538101196289,9.059213665007128,7.738078338860254,7.738078338860254,782500,0
2023-08-30,8.402420997619629,8.583605103237984,8.319378462534958,8.583605103237984,447700,0
2023-08-31,7.692782402038574,8.422049565026287,7.5568946787186935,8.394871732377647,2167700,0
2023-09-01,7.368160724639893,7.609739528739028,7.186976621565541,7.594641213463645,509200,0
2023-09-05,7.375710487365723,7.504048691337064,7.337963617980434,7.443653988305262,176600,0
2023-09-06,7.383259296417236,7.5946414773092386,7.164328317606103,7.383259296417236,357400,0
2023-09-07,7.504049301147461,7.5644447290488985,7.33041469581117,7.35306253129814,192700,0
2023-09-08,7.534247398376465,7.541796917604124,7.405909171315162,7.49650124216173,203600,0
2023-09-11,6.975594997406006,7.428556010728134,6.927279088788555,7.368161304946741,492500,0
2023-09-12,7.571992874145508,7.851318554252789,7.48140082005355,7.587091909808325,379000,0
2023-09-13,7.617287635803223,7.783373392846759,7.579540774662216,7.624837152023723,250500,0
2023-09-14,7.949459075927734,8.04760063488506,7.873966067472406,7.97210762642973,226100,0
2023-09-15,7.77582311630249,7.8286682847557785,7.655033748431305,7.768273600820185,94100,0
2023-09-18,8.017402648925781,8.349574163548787,7.902653026027313,8.311827302346877,183600,0
2023-09-19,8.251434326171875,8.44016795141854,8.100446850005229,8.243884808371215,144500,0
2023-09-20,8.077799797058105,8.323153389592996,8.00230677164214,8.168391859534294,214400,0
2023-09-21,7.873965740203857,7.926810915922319,7.71542949308695,7.843768394084519,103300,0
2023-09-22,7.821122646331787,7.919264236367871,7.809799087456479,7.866419041718356,117800,0
2023-09-25,7.707880973815918,7.753177358836154,7.54179518869054,7.579542056213801,108200,0
2023-09-26,7.647486209869385,7.655035727303284,7.534245608245716,7.602189825227596,86000,0
2023-09-27,7.6399359703063965,7.972107506384938,7.549343929547216,7.94191015946521,199800,0
2023-09-28,8.1910400390625,8.32692776655713,7.78337541665525,7.813572769427577,244500,0
2023-09-29,8.032504081726074,8.123096143705178,7.858868756294841,8.092898789712143,242800,0
2023-10-02,8.65155029296875,9.104511327768634,8.462816648462416,8.96107335476526,368800,0
2023-10-03,8.198588371276855,8.409215308869772,8.175940537975332,8.357124644310794,150900,0
2023-10-04,8.425070762634277,8.559449473088275,8.206139738155853,8.326929169597493,195600,0
2023-10-05,8.319377899169922,8.757239818077645,8.243884166960347,8.727042469186133,222600,0
2023-10-06,8.644000053405762,8.711944274954721,8.258983277936096,8.258983277936096,246200,0
2023-10-09,8.425070762634277,8.485465478355097,8.160844061346138,8.326929169597493,333500,0
2023-10-10,8.243884086608887,8.37977251527701,8.182734149715916,8.274081435206071,224100,0
2023-10-11,7.836221218109131,8.092899096769546,7.6927832412286685,8.092899096769546,336500,0
2023-10-12,7.798472881317139,7.8437692655092315,7.692781798176657,7.836219748150283,143900,0
2023-10-13,7.851317882537842,7.919262097284293,7.760725836196434,7.904163782874852,203300,0
2023-10-16,8.87048053741455,9.814148679692694,8.447716892890814,9.429131904852415,1644100,0
2023-10-17,8.915775299072266,8.968620475014827,8.65909749598864,8.757239051283056,170400,0
2023-10-18,8.711944580078125,8.832733991523792,8.636450837943741,8.7949871204566,98300,0
2023-10-19,9.096962928771973,9.17396644375798,8.855383344498403,8.900679741537761,249700,0
2023-10-20,9.5725679397583,9.685807806064359,9.414031694952914,9.5725679397583,332200,0
2023-10-23,10.720070838928223,10.774426508558873,10.078376881082542,10.214264615235738,807300,0
2023-10-24,12.358277320861816,12.916928629353796,12.0185562495179,12.848984415085011,962900,0
2023-10-25,13.120762825012207,13.430287338350402,12.735747442900053,12.8640863835786,841100,0
2023-10-26,12.456418991088867,12.879181899123068,12.328080071159505,12.765942014461457,700600,0
2023-10-27,12.222392082214355,12.72819834271148,11.976283231173575,12.72819834271148,375600,0
2023-10-30,12.788591384887695,13.067916355580937,12.479068341728508,12.916930313021261,680100,0
2023-10-31,12.894282341003418,12.93957801182463,12.524364576129464,12.68290014396541,294600,0
2023-11-01,12.954675674438477,13.090564112409755,12.456419028492633,13.08301459475321,733000,0
2023-11-02,13.203803062438965,13.39178215098316,12.660250788966511,13.332141973665912,890500,0
2023-11-03,12.826336860656738,13.082260183623177,12.675350826041573,12.675350826041573,369900,0
2023-11-06,13.218903541564941,13.354791984767028,13.022620394708966,13.252875652365462,672200,0
2023-11-07,13.792656898498535,13.936093450426442,12.790858835246347,12.954678946002245,629800,0
2023-11-08,13.649215698242188,13.747356549646025,13.182666154345641,13.407636888703559,342600,0
2023-11-09,14.321106910705566,15.48295220915236,13.619773556802397,15.098689962127516,952600,0
2023-11-10,14.962801933288574,15.106239895049267,14.532489487929812,14.84201252546588,397900,0
2023-11-13,14.48719310760498,14.660827692821632,14.215416233406218,14.502290702897938,420200,0
2023-11-14,13.128310203552246,14.416983919450422,12.74329344428606,14.238064815532208,1067100,0
2023-11-15,15.045845985412598,15.227030106711402,13.792654733153322,13.845499921875048,674100,0
2023-11-16,13.664313316345215,14.415472259337362,13.309493216709905,14.117274257203674,990600,0
2023-11-17,14.056879997253418,14.411698667975218,13.596369525100492,13.89834301506832,735000,0
2023-11-20,14.985448837280273,15.121337266099879,14.328655244626564,14.547586922152188,781600,0
2023-11-21,14.426798820495605,14.929584036293138,13.920992645629573,14.464544969695623,723000,0
2023-11-22,14.992999076843262,14.99299907684326,13.822849781121691,14.011583399148728,808400,0
2023-11-24,15.166632652282715,15.740382985759778,14.940152901665277,15.083589405092189,763900,0
2023-11-27,14.132372856140137,14.381501175337498,14.004033937770389,14.064428638184198,715300,0
2023-11-28,15.332720756530762,15.589398626244634,14.547589550288594,14.645730411097581,619500,0
2023-11-29,14.713674545288086,15.128889421296696,14.623083203560567,15.128889421296696,681800,0
2023-11-30,14.524940490722656,14.60798375154941,14.29846070291581,14.577785678549363,454400,0
2023-12-01,15.32517147064209,15.619596937385031,14.974126774084946,15.091142152911809,627600,0
2023-12-04,17.680570602416992,17.937248513735515,17.189863338986992,17.60507684498384,1225300,0
2023-12-05,19.424463272094727,19.62829592147624,17.87684820810146,18.088228934935735,1456700,0
2023-12-06,19.341419219970703,19.832126273171223,19.303671637464177,19.809477723667307,891000,0
2023-12-07,18.903560638427734,19.477309593336816,18.707277494938506,19.09984234199367,780700,0
2023-12-08,19.85477638244629,19.998214337795865,19.213083222040666,19.243279852685006,875500,0
2023-12-11,16.54816436767578,17.68811564029409,15.96686445463248,17.54467768150813,1576100,0
2023-12-12,16.835041046142578,17.291777574626924,16.382081436948305,17.265354978754708,894300,0
2023-12-13,18.246768951416016,18.358499811250287,16.9709291013796,17.023774291867618,1931700,0
2023-12-14,18.3222599029541,18.684628102388547,17.627720134076466,18.005187368468157,754700,0
2023-12-15,17.59752082824707,17.680564074756354,17.159658924701706,17.60507034519547,1221400,0
2023-12-18,17.42388916015625,17.45408723297935,16.635737026538408,17.001126220096413,854700,0
2023-12-19,17.582427978515625,18.020290000208696,17.1898616308119,18.020290000208696,847900,0
2023-12-20,18.692182540893555,19.428244129722387,18.52609743240892,19.160241228406434,1223100,0
2023-12-21,18.896011352539062,19.062850946610222,18.563839764101512,19.00925124134725,1009900,0
2023-12-22,18.835617065429688,19.12249155274498,18.495895951574294,18.495895951574294,679400,0
2023-12-26,17.416337966918945,17.93724315363198,17.001124584998394,17.92214411867259,1395100,0
2023-12-27,18.601585388183594,18.66198008983653,17.974989818563152,18.148625845748207,1122200,0
2023-12-28,17.65036392211914,18.035380601471036,17.438983232224498,18.035380601471036,1060700,0
2023-12-29,17.18231201171875,18.11088124266968,16.60856153147691,17.937246626785882,1074900,0
2024-01-02,19.416913986206055,20.42852628787484,19.364068803867468,20.345484475595587,1088300,0
2024-01-03,17.59752082824707,18.254314403526685,16.918080142045383,16.986024354657864,1612000,0
2024-01-04,18.745023727416992,19.265928939764247,17.92214500063774,18.065582959964175,831800,0
2024-01-05,18.54874038696289,18.835616302582984,17.703214555491982,18.50344472025777,844000,0
2024-01-08,20.926788330078125,21.326904219651155,19.07946427037565,19.348974769961373,1865200,0
2024-01-09,20.738054275512695,21.05512688547337,20.473828300481774,20.87394274262778,1363400,0
2024-01-10,20.149202346801758,20.677655636483458,18.84316455847473,19.42446447305557,2076400,0
2024-01-11,20.126554489135742,22.72352967996971,19.439564180850994,21.67416970232153,3750800,0
2024-01-12,17.695667266845703,19.715116727578945,17.25025574168751,19.628299422156378,2535300,0
2024-01-16,17.506935119628906,17.589976952848676,16.457574966014892,17.1898625057185,1397300,0
2024-01-17,17.114362716674805,17.217033552034362,16.608556616661375,16.842585874899505,569900,0
2024-01-18,15.574297904968262,17.144561587562887,15.302522467544469,16.872786150139092,1548500,0
2024-01-19,16.11785125732422,16.48021945812592,15.0986894326366,15.687538838881792,978200,0
2024-01-22,15.000550270080566,15.461059370362637,14.343756572409218,15.264776212896757,1347400,0
2024-01-23,14.268261909484863,14.592883978227718,13.74735669592253,13.966288394348474,943100,0
2024-01-24,14.509841918945312,14.985451504465289,14.434349613874073,14.834464014475966,757900,0
2024-01-25,14.698572158813477,14.902404791135654,14.494740966414389,14.8118134700523,511800,0
2024-01-26,16.299036026000977,16.487015131842515,15.581847672576044,15.581847672576044,1376500,0
2024-01-29,17.22005271911621,17.318194994385802,16.111808743755763,16.23108908940532,1069400,0
2024-01-30,17.514480590820312,17.60507192247114,17.2502532336461,17.348394082921704,602400,0
2024-01-31,16.676504135131836,17.673017499416716,16.60855991121029,16.78219451015497,931800,0
2024-02-01,17.046417236328125,17.23515082018469,16.51796262556055,16.52551214170557,638700,0
2024-02-02,16.978477478027344,17.39369233522057,16.774644808491942,16.782194326614366,716300,0
2024-02-05,16.465120315551758,17.310647551822143,16.404725615812676,17.287998999448778,890800,0
2024-02-06,17.053974151611328,17.283473494315377,16.835042408187665,16.86524048586966,787200,0
2024-02-07,17.89949607849121,17.99008885091694,16.865236632869056,17.001125071546014,1113100,0
2024-02-08,18.979053497314453,19.084745309960038,18.443050675739237,18.609135752863246,1386100,0
2024-02-09,20.639909744262695,21.228759184020372,20.05860982244178,20.232244415217384,1795500,0
2024-02-12,22.957565307617188,23.11912187172424,21.191017902407573,21.228765503327967,2043700,0
2024-02-13,22.36870765686035,22.36870765686035,21.289152576982765,21.840254393129555,2012800,0
2024-02-14,24.414579391479492,24.70145527900493,23.935195859367706,24.467424570780718,2238300,0
2024-02-15,24.3768367767334,25.44129435372454,24.233397372273245,25.033629014490476,1722700,0
2024-02-16,24.48252296447754,25.048723767763615,24.21829707488252,24.829792099329907,1161600,0
2024-02-20,24.558015823364258,24.935483034322065,23.365220934257643,24.890188812108743,1634100,0
2024-02-21,23.5086612701416,23.914061616133637,23.184039185409148,23.3501257068574,1221100,0
2024-02-22,24.437231063842773,24.535373363654504,23.5086618944307,23.5917051573601,1117500,0
2024-02-23,23.553958892822266,23.724573976993902,23.08589883116466,23.599254563329968,947300,0
2024-02-26,26.747329711914062,27.17764214888366,23.76156380565447,23.787986398105353,2723000,0
2024-02-27,29.148021697998047,29.706671618968095,28.370440079421027,28.98193518535185,2902800,0
2024-02-28,32.53011703491211,36.42180218254572,31.36072403979814,32.33383539651792,8133000,0
2024-02-29,33.141624450683594,34.18343194786084,32.009222743437185,33.994698329986434,6235900,0
2024-03-01,34.2589225769043,34.50050134533934,32.175302099344506,33.60967855679286,3449500,0
2024-03-04,39.3094367980957,39.70955113725344,36.659618131101425,36.99933633159952,6641700,0
2024-03-05,32.54522705078125,41.40060847046915,29.90295627683042,39.2565943558409,9504100,0
2024-03-06,37.792022705078125,38.388418780837036,35.89713546736369,37.60328907709005,5127200,0
2024-03-07,38.62245178222656,39.143355589289776,37.44475283774177,38.29782969265409,3156500,0
2024-03-08,40.215354919433594,41.70181917564674,36.82569827335262,39.14334659828173,5446900,0
2024-03-11,43.72579574584961,44.59397139187298,42.54810001436619,43.93717932009599,5899600,0
2024-03-12,42.72174072265625,44.926147938559176,39.339634725749185,43.839043365218245,6560400,0
2024-03-13,45.046939849853516,45.099787913863246,43.03881421211293,44.39769860444205,4032400,0
2024-03-14,39.875640869140625,44.054203296277116,38.57715258122869,43.778653810897175,6062500,0
2024-03-15,39.581214904785156,41.27981747997864,37.5353431609375,37.958104625439454,6269100,0
2024-03-18,36.84080505371094,38.85648177728137,36.425591631804785,38.146841465083156,4880000,0
2024-03-19,34.055091857910156,35.67065104222162,31.624202124593147,33.443593946156,7294000,0
2024-03-20,35.670654296875,35.86693599518566,31.571359826655932,33.02083553052532,6471800,0
2024-03-21,34.81003189086914,37.58819121175232,34.44011270136084,37.43720372869083,6038300,0
2024-03-22,33.33790969848633,33.75312312608409,32.01677423259094,33.59458756133987,6095000,0
2024-03-25,40.811771392822266,40.92878535113037,36.49354393710978,36.49354393710978,7978000,0
2024-03-26,38.87157440185547,40.69851430882874,38.75833308735709,40.623022019060656,4445700,0
2024-03-27,37.792022705078125,41.40815682864633,37.5126948621662,41.21187512267124,5211200,0
2024-03-28,40.20026779174805,41.302471625954766,39.845447605180645,40.45694567312398,6171300,0
2024-04-01,38.931968688964844,39.362281087703195,36.95404127021606,39.279237838850825,5876500,0
2024-04-02,34.52315902709961,35.104459016612246,32.93024655503266,33.375658085706135,8003200,0
2024-04-03,34.39482498168945,35.65556451218229,34.16079419466058,34.349527864244344,3287500,0
2024-04-04,37.12012481689453,38.11664092136579,35.761243408755654,35.93487798336569,5448300,0
2024-04-05,35.8216438293457,37.26356865859754,35.2931890852549,35.39887945810373,4743700,0
2024-04-08,40.57018280029297,41.151479852565544,39.943585759750654,41.1363836962712,5466700,0
2024-04-09,37.331512451171875,39.663505704673376,36.485986598272575,39.23394778008027,5172400,0
2024-04-10,38.562049865722656,38.562049865722656,35.61025364824968,35.8140862782971,4968600,0
2024-04-11,39.060306549072266,39.475519887000736,37.875056909033106,39.324532433250525,4621300,0
2024-04-12,34.83267593383789,38.75833574803842,33.39830217085358,38.50920599097822,8218300,0
2024-04-15,31.171249389648438,34.643947293486676,30.197383093712947,34.4099194176124,7622100,0
2024-04-16,30.612598419189453,31.239195539271442,29.56323975288062,31.058009962426336,5637600,0
2024-04-17,28.747907638549805,30.786228519856415,27.48716550426766,30.197380521243097,8490400,0
2024-04-18,31.18634033203125,31.812934371066287,29.59342832651961,30.07658586983485,6303800,0
2024-04-19,31.87333106994629,32.72640486257943,31.11084571848588,32.265897300823084,5513300,0
2024-04-22,34.085289001464844,34.38726103080655,33.13407005341537,33.60967952744011,4674400,0
2024-04-23,33.92675018310547,34.69980455902362,33.556833947627794,33.60212816757013,3458000,0
2024-04-24,31.193891525268555,33.72292080366515,30.997609833628694,33.330357420385425,5266300,0
2024-04-25,31.918621063232422,32.122453668413996,30.03355176483149,30.2955140572874,3812000,0
2024-04-26,30.90701675415039,32.01526232818046,30.4163110672053,30.99006000820865,3425600,0
2024-04-29,30.121883392333984,30.363462167383048,28.85359338340332,29.600976818759438,3211300,0
2024-04-30,26.23397445678711,28.664864522247516,26.098086013385807,28.234552078092264,5843600,0
2024-05-01,24.301342010498047,26.64012891257026,24.02201703470292,25.026081363684625,8532800,0
2024-05-02,26.52839469909668,26.71486474240734,25.507722478554292,25.947094857980087,3882200,0
2024-05-03,28.944190979003906,29.09517846610425,28.143959313264837,28.1666093082303,4547000,0
2024-05-06,29.940702438354492,30.922116721679497,29.41979866516613,30.333268727653817,3533800,0
2024-05-07,29.79726791381836,31.005162054193494,29.51794005398109,30.250227496497335,2127900,0
2024-05-08,28.83095359802246,29.525494982005053,28.453486268423514,28.687517049519847,4204400,0
2024-05-09,29.15557289123535,29.434900761413605,27.58606497050277,28.01562293404472,4543200,0
2024-05-10,27.43431282043457,29.774608019246,26.920957261495346,29.555679258987727,5808100,0
2024-05-13,29.72176742553711,30.031290423756428,29.14046757427716,29.374498282139093,3272700,0
2024-05-14,28.189254760742188,28.830947943263,27.71364521237401,28.551622980502405,3128900,0
2024-05-15,32.379154205322266,32.77549614065382,30.397450288360105,30.650352763742276,7058400,0
2024-05-16,31.412832260131836,32.72641698077186,30.861730293444094,32.3263025249219,4659600,0
2024-05-17,33.35300827026367,33.72292458284464,32.016773786371054,32.613172765255,4827000,0
2024-05-20,36.28215026855469,36.35009448343358,32.89249336157987,33.14917118669498,5638200,0
2024-05-21,35.361141204833984,37.512703932175036,35.22525272943904,37.105041385837524,5396400,0
2024-05-22,35.68335723876953,36.92445090473532,35.23625393076932,35.806695575352705,4433600,0
2024-05-23,33.124080657958984,35.48292643558446,32.64614208680427,35.42125874484622,5571100,0
2024-05-24,35.120628356933594,35.3364697259342,32.91595286287961,33.34763560088082,4656600,0
2024-05-28,34.23412322998047,34.38829685727352,33.00844745095762,34.249540886771506,5282300,0
2024-05-29,32.98533630371094,33.71765913577166,32.861997938146295,33.54035747844255,3643900,0
2024-05-30,34.46538162231445,35.355732908199315,33.8101473930849,33.97202837574858,6370000,0
2024-05-31,33.154911041259766,34.51934280155498,32.145079508722866,34.46538247266907,3846900,0
2024-06-03,34.78144073486328,35.98399163459488,34.311212441879434,35.39813237294961,4733900,0
2024-06-04,36.03795623779297,36.85507459293013,34.81228017539625,35.02041417926944,5842300,0
2024-06-05,36.96299362182617,37.54884998604843,35.922323648998734,36.88590532349568,6586000,0
2024-06-06,36.06880187988281,37.379273978928325,35.96858852920374,36.79341448024027,4588200,0
2024-06-07,34.64268112182617,37.32529167211098,33.61820237396435,36.90131639910302,7247800,0
2024-06-10,34.7583122253418,35.58313775978097,34.39600463784552,34.5655959240127,4555400,0
2024-06-11,32.76948165893555,32.98532593629694,31.304839395775357,32.491972629101184,6927300,0
2024-06-12,32.76948165893555,35.321046786572076,32.44571965381996,34.55018150892429,6497600,0
2024-06-13,31.7056884765625,33.54805594895509,31.274002879020024,33.216583657034846,6489200,0
2024-06-14,30.61106300354004,32.476558719931056,30.15625231959751,32.399470418896215,5954400,0
2024-06-17,31.728818893432617,32.29926056796983,30.117710133118152,30.688151807655363,3699500,0
2024-06-18,29.447052001953125,30.395215869995535,29.061619391824465,29.909569957860537,6683900,0
2024-06-20,30.00978660583496,30.48772227230948,29.531850939360442,30.26417062776158,5445200,0
2024-06-21,29.192663192749023,29.400797141724304,28.42950832045691,28.599096658401123,4874400,0
2024-06-24,24.80644416809082,26.910905963652294,24.38246739519508,26.49463801975198,10123200,0
2024-06-25,26.989870071411133,27.322490241628824,26.10287690868403,26.35630266344226,6473700,0
2024-06-26,26.055362701416016,26.958192373120397,25.80985516815098,26.55033537415512,3516800,0
2024-06-27,26.435497283935547,27.316943662189708,26.34838162356615,26.617646836947475,3156100,0
2024-06-28,25.089174270629883,26.736441701572108,25.009978343431186,26.411739759540453,3778000,0
2024-07-01,27.789745330810547,28.407470247902193,27.195778134815228,27.536319568871747,4605000,0
2024-07-02,26.633487701416016,27.716092279902206,26.446585990934878,27.496720075381507,4122300,0
2024-07-03,25.358444213867188,25.57306432511259,24.843672857530795,25.160455114465734,4821100,0
2024-07-05,22.055980682373047,22.515315222330546,21.08979314241871,21.21650752532036,12258100,0
2024-07-08,22.032222747802734,22.737063330593646,20.85220811043529,22.63410968219479,8854300,0
2024-07-09,23.07760238647461,23.4260635253731,22.372761876223677,22.54699169040466,4981700,0
2024-07-10,22.721223831176758,23.21619645683523,22.626188422414238,23.17263862409143,5927600,0
2024-07-11,22.681623458862305,23.94875359014468,22.475714680356976,23.790363267819675,7246600,0
2024-07-12,22.90337371826172,23.616134007166025,22.76874110176028,22.816258051544143,4955800,0
2024-07-15,27.417522430419922,27.884776702996785,26.65724521367309,26.902752719967072,8807600,0
2024-07-16,28.961835861206055,29.064791005530754,27.132416086234503,27.79765936612662,9396200,0
2024-07-17,28.439149856567383,29.167751204167672,27.72638799707509,28.510426042516613,6682200,0
2024-07-18,27.48088264465332,28.775729791926207,27.148259446692744,28.692574747704402,5751800,0
2024-07-19,30.767498016357422,30.96548707185798,27.963975286485176,28.019411980339473,8122100,0
2024-07-22,31.59905242919922,31.59905242919922,29.959703397025567,31.013003533426584,7665400,0
2024-07-23,29.056873321533203,30.727901469206984,28.938081698326325,29.983463692128,8103400,0
2024-07-24,29.148876190185547,30.503831602091886,29.003615759263084,30.141487082512633,5921700,0
2024-07-25,28.188541412353516,28.60818224573599,26.969968341125465,27.809250007890412,6787100,0
2024-07-26,31.13409423828125,31.28742329137476,30.078535132734466,30.625682841340126,5312900,0
2024-07-29,30.310956954956055,32.614944310310136,29.528165044093804,32.56248727805792,9826000,0
2024-07-30,28.955190658569336,29.95586996438942,28.624320441222782,29.665349172872666,4155600,0
2024-07-31,28.35800552368164,29.794465856413375,28.099765533043655,29.455527023124837,5761000,0
2024-08-01,26.622962951660156,28.08363271502333,25.686840424542684,27.801183611186346,8290200,0
2024-08-02,25.96929168701172,28.52748330652495,25.791750486957127,27.914163918508642,7197200,0
2024-08-05,18.383480072021484,20.117725048736528,15.292666852047777,15.365297052298311,20164100,0
2024-08-06,20.71571159362793,20.90939161023268,18.367339275851382,19.55362995476747,8220200,0
2024-08-07,19.166271209716797,21.199913829595072,19.085570812566317,21.0143039936114,7573100,0
2024-08-08,22.50725555419922,22.81391677105506,20.530910747293735,21.28061530447224,7122900,0
2024-08-09,23.459516525268555,23.709686379773043,22.51532538620672,23.096367034387605,5470800,0
2024-08-12,22.071474075317383,23.403025201340345,21.19184300495603,22.47497450982325,7645700,0
2024-08-13,23.419166564941406,24.032487435679563,21.938319108138607,21.99077459779723,6467400,0
2024-08-14,21.90200424194336,23.49905911942159,21.74060498320923,23.35460680594303,8468900,0
2024-08-15,20.513965606689453,22.63637757237242,20.271057823967432,22.087618181980485,11532700,0
2024-08-16,22.51532745361328,22.612168250279595,20.965885481577946,21.66797702452006,6344000,0
2024-08-19,21.885862350463867,22.136032167218346,21.1837709779332,21.692180804141575,5331200,0
2024-08-20,22.257083892822266,23.362675759987045,21.546923805767285,23.015665140236816,8024700,0
2024-08-21,23.830738067626953,23.8549471104698,21.76481457419294,22.24094524704255,7816200,0
2024-08-22,22.757429122924805,23.298119861793577,22.604098499869767,23.22548964767447,5117100,0
2024-08-23,25.30755043029785,25.477019891942373,23.09636799927174,23.37881710201261,10251500,0
2024-08-26,25.02509880065918,25.485089080376632,24.75878855770528,25.412458874186285,6320400,0
2024-08-27,24.008275985717773,24.26651601895089,23.443374758596317,24.226166590970223,7381000,0
2024-08-28,21.38355827331543,22.348044175247736,20.6334027465144,22.24087820152366,8684600,0
2024-08-29,21.64734649658203,23.064398489364834,21.38355578019652,22.389258279495447,7618000,0
2024-08-30,21.13625717163086,22.104040400764674,20.49326749982015,21.828708796901754,7299000,0
2024-09-03,20.682861328125,21.490720814391654,20.262444271643353,21.474233501043337,4710000,0
2024-09-04,20.715835571289062,21.062061309888282,19.297959560620114,19.545262985769487,6423500,0
2024-09-05,19.256742477416992,20.0975750501686,19.025924798677586,19.65242857898443,5788600,0
2024-09-06,17.443178176879883,19.825539927741477,17.237091476706617,19.751348589893762,9908000,0
2024-09-09,19.866758346557617,19.932706028169825,18.316985470195622,18.745646186833344,5478700,0
2024-09-10,20.419071197509766,20.477599117586248,19.39688132494472,19.668915713834476,3579700,0
2024-09-11,20.163522720336914,20.452044425489852,18.646725998671716,19.619453937964764,6796500,0
2024-09-12,20.691104888916016,20.823000250457866,19.899731147348184,20.221227466883587,4772100,0
2024-09-13,21.65559196472168,21.86992233279502,20.163523045324606,20.229472302255008,6652400,0
2024-09-16,20.320148468017578,20.74880918480119,19.957435432868618,20.74880918480119,4718400,0
2024-09-17,21.68856430053711,22.735485134783975,20.987869192091697,21.284634549154877,8436700,0
2024-09-18,21.71329689025879,22.702513772692306,21.11152404673156,21.65559286037493,8741900,0
2024-09-19,24.070924758911133,24.56553153112604,23.650507744675192,24.09565415413193,6785900,0
2024-09-20,23.71645736694336,24.29349917269171,23.370231654567664,23.81537810058401,6057500,0
2024-09-23,24.04619598388672,24.45424833771815,23.85659659909571,24.054439640484162,5260600,0
2024-09-24,24.804595947265625,24.89527460063507,23.559832060002194,24.186335832074192,5826300,0
2024-09-25,23.897817611694336,24.57378185120003,23.741191252781526,24.202826671438544,4926700,0
2024-09-26,25.102821350097656,26.063452438989266,24.67306491368692,24.92586206110732,9699700,0
2024-09-27,25.8359317779541,26.611178331285352,25.608413400866198,25.861212133378842,8809200,0
2024-09-30,24.007360458374023,24.534022459322674,23.653443529446733,24.403409704479255,7850400,0
2024-10-01,22.684385299682617,23.982079607396166,22.102950012639905,23.931520506380014,8331000,0
2024-10-02,21.53837013244629,23.1562759681896,21.403544780071428,22.077673149190712,7594200,0
2024-10-03,22.128231048583984,22.161936581218338,21.28557183854154,21.732181798472197,6624300,0
2024-10-04,23.105714797973633,23.181554252812575,21.883858343119403,22.49057398183095,6590600,0
2024-10-07,23.80512237548828,24.673061929202735,23.316380104281325,23.586030790844493,7097600,0
2024-10-08,22.928754806518555,23.70821548823574,22.59169146640197,23.22705622415181,7036500,0
2024-10-09,22.001832962036133,23.055156997258162,21.8164469032003,22.642254168320516,5769900,0
2024-10-10,21.049623489379883,22.06924181469448,20.417629177676965,22.06924181469448,7301600,0
2024-10-11,23.46805763244629,23.712427950007164,22.25462800727103,22.25462800727103,8266400,0
2024-10-14,25.5578556060791,25.903345778351834,24.630930087221405,24.740476692426906,9498500,0
2024-10-15,26.383657455444336,27.20019405356504,24.68991237627664,25.57470544540621,12508000,0
2024-10-16,26.9650936126709,27.479116223980782,26.5184836711029,27.120986717335427,7384800,0
2024-10-17,26.20669937133789,26.913689368512806,26.012888156386133,26.34152470410822,6002100,0
2024-10-18,27.605510711669922,27.976282773078037,26.880824978332605,26.965091209812204,10327000,0
2024-10-21,26.855546951293945,27.010596242749816,26.06344692581955,26.998799066462244,8100900,0
2024-10-22,26.62803077697754,26.821842005313822,25.920196927428204,26.33309973845784,6456700,0
2024-10-23,25.751665115356445,26.151928563230747,24.782607341249378,25.844358143162783,9235600,0
2024-10-24,27.217891693115234,27.24738463672637,26.400512842437546,26.67859031594603,6880500,0
2024-10-25,25.945472717285156,27.689776679931875,25.23763899226264,27.01565008812213,10790500,0
2024-10-28,28.245929718017578,28.4903015964866,27.276870594151575,27.723482044506078,9173000,0
2024-10-29,30.732498168945312,31.667421661730263,29.342971825135102,29.591714558877076,16412400,0
2024-10-30,30.114933013916016,30.68103528815381,29.711798435964447,30.0892021334455,8891700,0
2024-10-31,28.339426040649414,30.226434429968034,28.270806007009362,30.16639026454134,9975100,0
2024-11-01,27.687545776367188,29.754676619601817,27.353031328969752,28.46808057762218,11505400,0
2024-11-04,26.15221405029297,27.323016492433293,26.014977241865722,27.155759234412077,7577400,0
2024-11-05,27.841941833496094,28.665362641381538,27.284417123658027,27.687550023019643,9037500,0
2024-11-06,33.27137756347656,33.597312902304886,31.118471484883823,31.80465872279938,16700800,0
2024-11-07,33.588741302490234,33.948989975372584,31.83896951302432,32.190639044751755,11893800,0
2024-11-08,33.734561920166016,34.317815992008704,32.81678673668646,33.322848159360184,11250600,0
2024-11-11,42.869384765625,43.280237895189174,38.1089795050885,38.27194717831636,21571000,0
2024-11-12,45.31391143798828,45.6998876097329,41.093874973207114,41.99449149391578,18759600,0
2024-11-13,45.4597282409668,49.27663060616156,44.97082199145466,45.682736788891454,26707800,0
2024-11-14,42.998046875,47.50885228386303,42.963736856962086,46.94360733382453,16034700,0
2024-11-15,47.04653549194336,47.12373139879474,43.25536673142422,44.82501247475758,15609100,0
2024-11-18,47.12372970581055,48.26451325807633,45.06517771703591,45.83713348583263,13331800,0
2024-11-19,48.1015510559082,49.817012877782524,46.6948696135049,47.14089007983027,13007100,0
2024-11-20,49.988548278808594,50.76050728137778,48.770572154736364,50.27160100374504,12730300,0
2024-11-21,53.925537109375,55.032013952588635,51.12933600469862,53.153581314922704,17547700,0
2024-11-22,55.04916763305664,55.68732222889196,52.621787694465034,53.2650858485391,10834100,0
2024-11-25,50.03143310546875,53.09353143070914,49.49106185043134,52.88596010478125,13349000,0
2024-11-26,45.930702209472656,50.05657611962153,45.57532232079703,47.12685697242651,13234800,0
2024-11-27,51.694786071777344,52.36220742232438,49.29380380235646,49.59717894706241,12210700,0
2024-11-29,52.18019485473633,54.26046639349477,52.14552283579726,52.4835667541889,9394800,0
2024-12-02,50.39461898803711,52.52689827724178,48.99043546911029,50.802006891200094,9488200,0
2024-12-03,50.333946228027344,51.15738841107667,48.149658847240836,48.78240825138252,8474600,0
2024-12-04,53.90507888793945,54.20585183161808,49.17245808273216,50.54197287975474,11845000,0
2024-12-05,53.73172378540039,59.017347512528936,52.3882113868113,58.074292565672756,16503800,0
2024-12-06,56.53142547607422,57.138169183102406,53.282731197848,54.01776069422377,10454000,0
2024-12-09,50.411949157714844,55.19657747885345,50.22125640699581,53.61036772115588,11535600,0
2024-12-10,50.55931091308594,52.52689984580825,48.271007490660956,52.258199992298316,11284500,0
2024-12-11,55.77732467651367,56.228054246459074,52.71759052438745,53.03829838830448,14076500,0
2024-12-12,54.14778137207031,57.12083888770297,53.28100083238745,55.8293377352185,10035000,0
2024-12-13,56.01136016845703,56.366736746605575,53.844405539304965,54.67651736014536,10116400,0
2024-12-16,60.652801513671875,62.95297696640444,58.816164261582955,58.94735406657302,12354200,0
2024-12-17,61.70232391357422,63.67015130975012,60.46914887579326,62.91800341562665,9260900,0
2024-12-18,54.11087417602539,59.375905579505684,53.43743957759582,58.97971380719488,16116600,0
2024-12-19,49.239410400390625,56.36731603984494,48.417297100505195,55.79883461011306,16642300,0
2024-12-20,49.300628662109375,50.883637483705336,47.761352001829636,47.9887438937147,12521500,0
2024-12-23,45.63609313964844,48.426033223826664,44.91018205021648,48.312338959162346,11208900,0
2024-12-24,51.70574951171875,52.011857952197936,49.19130376523855,49.510530519283414,8948400,0
2024-12-26,47.83131408691406,49.01988261762917,47.367782568998656,48.006232710976846,8858100,0
2024-12-27,46.56315994262695,48.583460137910045,45.31249632826355,48.55722351292044,7430900,0
2024-12-30,46.2745475769043,46.89550555287744,43.117277770097864,44.86645742272898,10443200,0
2024-12-31,45.26002502441406,48.32108951881888,45.19880400142961,47.87505016046135,7231300,0
2025-01-02,49.35310363769531,49.93907721363363,47.91877687169576,48.548479271222774,7798800,0
2025-01-03,50.4550895690918,51.1617603623563,48.601834045328175,49.11696810458053,6069800,0
2025-01-06,54.27704620361328,54.88051198694521,50.78130920198593,51.08479198061144,10085700,0
2025-01-07,47.56019592285156,52.79024270955678,47.41151391677387,52.667800667078346,11520600,0
2025-01-08,45.27751159667969,47.437749339104265,43.773216164420134,46.70309381826764,8384700,0
2025-01-10,46.02092361450195,47.1141610847762,43.59830898001869,45.76729505698328,7966400,0
2025-01-13,44.787742614746094,44.98015343731862,40.58971226473913,42.00654679890373,8095500,0
2025-01-14,47.45524597167969,48.321091430900296,46.32702754896825,47.840067658575805,6382600,0
2025-01-15,50.656246185302734,51.86318120001941,49.63297758799424,49.86036949751976,8130700,0
2025-01-16,51.469608306884766,51.6882557565084,48.137423309849616,50.40261102140225,9804600,0
2025-01-17,55.903785705566406,57.32937153594973,53.402461353831015,53.94470616638805,10425100,0
2025-01-21,57.320613861083984,58.59751411420507,53.53363858631143,56.34107092450504,13671800,0
2025-01-22,55.247840881347656,56.139926291774664,54.0890119643517,55.527712711139905,8027800,0
2025-01-23,53.95344161987305,57.89784000799712,52.78149119658401,52.91268099638237,14760400,0
2025-01-24,55.59767150878906,58.195204197825696,55.42275288722549,56.19239282032805,8458200,0
2025-01-27,51.731998443603516,52.79899594623389,48.97703868315751,51.11103702471424,10664800,0
2025-01-28,51.5920524597168,54.303279436343225,51.4870992842496,53.026379161482794,6353100,0
2025-01-29,54.65965270996094,55.40859464750931,51.77775682757706,52.54859900051555,8051200,0
2025-01-30,55.307865142822266,57.208688190785026,55.211509441495636,55.49181511362372,6697000,0
2025-01-31,51.585052490234375,56.65246156917836,51.50621631017845,55.11515438733427,9414300,0
2025-02-03,51.41862106323242,52.33837425208052,44.41097262780741,44.70879781997326,14844300,0
2025-02-04,48.6768798828125,50.98064534596469,47.91479901655195,49.28128838481123,8365800,0
2025-02-05,47.28410720825195,49.20244975603594,46.408151157691876,48.711916506286876,7565400,0
2025-02-06,46.951236724853516,48.87834044791612,45.558466656161244,48.212615408352455,9199100,0
2025-02-07,45.61979293823242,50.10381152834059,45.44460105896974,49.63166993166128,11611000,0
2025-02-10,47.17022705078125,47.82719401996487,46.644654812037075,47.4943331614634,6108600,0
2025-02-11,45.032901763916016,47.12643625232888,44.60368181612292,46.600863942976794,6427400,0
2025-02-12,46.74977111816406,47.42425764396063,44.2454152219722,44.472286838505966,7898300,0
2025-02-13,45.97893142700195,46.15411995195507,44.857705486561855,45.628547694081874,11118900,0
2025-02-14,46.93372344970703,48.66811590528932,45.917611295591094,46.311792158565915,7947600,0
2025-02-18,43.683929443359375,46.19792583736729,42.86053191848483,46.05777299607998,12794500,0
2025-02-19,45.57598876953125,46.19178839244291,44.83142751987624,45.821258717229085,6974000,0
2025-02-20,47.83595657348633,48.15130126073655,46.11032222464864,47.21402863002442,5540200,0
2025-02-21,44.00802993774414,48.685635008035575,43.85035759390794,48.44036506123098,8074800,0
2025-02-24,43.23719024658203,44.997860399515865,42.88330459798501,44.612440948624254,6876000,0
2025-02-25,37.911376953125,38.699738738437816,35.590095414605564,38.62090255990653,14285800,0
2025-02-26,34.66423797607422,38.07627904408152,32.725778125271844,35.61153827513956,13781200,0
2025-02-27,33.7169303894043,36.2518429894889,33.06785501603295,36.12027193883726,7853400,0
2025-02-28,34.532657623291016,35.32207711520889,31.892493937637326,32.51525634460015,10203800,0
2025-03-03,35.88344955444336,41.856716277875925,35.10280305429542,41.716375371624515,12463300,0
2025-03-04,36.541297912597656,38.26924802679732,32.024069379310376,33.12925693569888,9525800,0
2025-03-05,39.620025634765625,39.69019775621136,37.093889490555576,38.99726311389383,8375600,0
2025-03-06,38.27801513671875,40.48838674569949,37.1640578171536,39.093747635723226,7270600,0
2025-03-07,36.4448127746582,40.06736676865068,35.9887039979093,38.29556075566147,8289800,0
2025-03-10,29.690898895263672,33.00645812425204,28.331345787145093,32.778402068495545,12770500,0
2025-03-11,32.7608642578125,33.16434734090681,29.69967681615224,31.629367025154036,8408200,0
2025-03-12,32.59420394897461,33.30029502092367,30.708370027745893,32.918741642631105,6614600,0
2025-03-13,30.39260482788086,32.76963015634388,30.1820918163238,32.55034730288439,5485800,0
2025-03-14,33.830963134765625,34.401099972555166,32.3310690086311,32.90120250042936,9402300,0
2025-03-17,33.64676284790039,33.87481555192248,31.96266872946372,32.35737854987786,6935200,0
2025-03-18,31.831100463867188,31.947758435708934,30.831171166948366,31.84864349402254,5208500,0
2025-03-19,34.348472595214844,34.73440928649,32.88366446029173,33.13803007595483,6751400,0
2025-03-20,33.1731071472168,35.164195698704305,32.752084503808376,34.032695462424485,6540700,0
2025-03-21,33.02399826049805,33.348535938791365,32.35737652855473,32.769629353677814,4073300,0
2025-03-24,36.41849899291992,36.86583456985571,35.58522342820556,35.67293523670559,7191300,0
2025-03-25,36.3132438659668,36.453584766050135,35.38611326058826,35.88344797734164,6568700,0
2025-03-26,34.927371978759766,36.15535727358536,34.31337933134697,35.76064747553494,5722800,0
2025-03-27,35.33808898925781,35.781704733092575,34.30239324018933,34.715782341375984,4957100,0
2025-03-28,32.4843864440918,34.04015203940692,32.3332531656424,33.835680396692915,6522000,0
2025-03-31,31.54202651977539,32.71551766739159,30.876158552056268,31.577587679715002,4755300,0
2025-04-01,33.54229736328125,33.97791311220914,31.48868607484807,32.46659766561106,5385100,0
2025-04-02,35.07139587402344,35.498119667168076,33.10490691786684,33.24892861435387,7161900,0
2025-04-03,30.946393966674805,31.595369908596805,30.341867781347645,30.93750198057641,6254100,0
2025-04-04,32.58216857910156,33.05334208127933,30.808593869725133,31.470907759777486,8978600,0
2025-04-07,27.97710418701172,30.377426746142557,26.083516333842404,26.936963902693478,14425100,0
2025-04-08,26.901403427124023,29.523978070995245,26.528019705830385,29.435078557641614,7392400,0
2025-04-09,30.875268936157227,31.382003577769375,26.856949570639006,26.856949570639006,10719600,0
2025-04-10,28.803882598876953,30.421878125754837,27.790411550270875,30.341867208874106,7130000,0
2025-04-11,31.915414810180664,32.17322476487022,29.95959492306138,30.635240066677554,7568300,0
2025-04-14,32.6977424621582,33.40006022556505,31.737614725058485,32.63551211768412,5633400,0
2025-04-15,31.95986557006836,33.933462709320445,31.853185468532935,33.41783939248317,5883000,0
2025-04-16,32.20878601074219,33.13335590757991,31.373119022042236,31.666490140648925,7746200,0
2025-04-17,32.63551330566406,33.10669029121861,31.702054713274155,32.41326109836648,4458700,0
2025-04-21,34.52909851074219,35.52478731864757,33.72010071845048,34.42241841486281,7918700,0
2025-04-22,37.756202697753906,37.996235467210056,36.200437385252336,36.351567244928845,9221200,0
2025-04-23,39.383087158203125,40.30765707707932,38.06735460809436,39.83648352226516,9920600,0
2025-04-24,39.516441345214844,39.55200251068302,38.591871390838804,38.734112661412084,5648400,0
2025-04-25,40.929962158203125,41.46336603206086,39.863151019188535,40.085403198512445,7386600,0
2025-04-28,40.392005920410156,40.86879240378769,39.231522115364335,40.76084145941325,5135400,0
2025-04-29,40.787818908691406,40.98573178737537,40.20038086990098,40.47296063051042,4416800,0
2025-04-30,39.690311431884766,40.15180621061372,38.601797341728975,40.13111650195104,5757800,0
2025-05-01,41.786380767822266,42.667987513819384,41.22863026151764,41.966301282284576,7731100,0
2025-05-02,42.05625534057617,42.9729476731123,41.84035005989667,42.16420626506691,7329300,0
2025-05-05,39.68132019042969,40.212083841377094,39.01111976538798,39.46541487830764,4256800,0
2025-05-06,40.19408416748047,40.39199704844492,38.75472711964236,39.105570185571786,3987700,0
2025-05-07,41.21963882446289,42.40710960210241,40.859797739002886,41.759397020953976,4474100,0
2025-05-08,45.60968017578125,45.96951779715216,43.70253083058949,44.017389178251356,8383000,0
2025-05-09,47.27393341064453,47.831683908192026,46.500277612792466,47.07602393637187,5326300,0
2025-05-12,45.90654373168945,48.506384737746394,44.9259805165356,48.083575468910155,8514500,0
2025-05-13,48.70429611206055,48.92919589346585,46.923090255134355,47.73273084087277,8395600,0
2025-05-14,47.201969146728516,48.29048330956624,46.56325113336809,47.98461945709878,6130300,0
2025-05-15,47.0670280456543,48.02959887781955,45.42076335792902,46.50927752414229,6603100,0
2025-05-16,47.930641174316406,48.42542344763782,47.21096254725578,47.444860245861975,6022400,0
2025-05-19,49.262054443359375,49.29803923771458,46.31136994020925,46.47329808310884,7043600,0
2025-05-20,50.62044906616211,50.87233575233023,47.93964377350554,48.37145099195035,8959600,0
2025-05-21,52.131771087646484,53.31924168333883,49.74783198306958,50.03570343464964,18139800,0
2025-05-22,54.56069564819336,55.36133842814394,53.93097548958881,54.80358442474342,11834600,0
2025-05-23,52.050804138183594,53.40020277944989,51.385099298545015,52.03281174449626,12665100,0
2025-05-27,53.24727249145508,54.065907581276996,52.08679219520971,53.79602852242222,8895200,0
2025-05-28,50.19954299926758,52.38504928268583,49.9544896770329,52.14181363227716,9472000,0
2025-05-29,48.93796920776367,51.583633708673105,48.72014635045789,51.56094570307936,10789100,0
2025-05-30,47.93053436279297,49.26470893862274,46.99570055401805,48.947049149670896,12010400,0
2025-06-02,47.694557189941406,47.966837512998616,46.886790731237745,47.222603014267236,6494400,0
2025-06-03,49.37362289428711,49.918183511336174,48.1755867669936,48.61123595307924,7362100,0
2025-06-04,48.05759811401367,48.66569069713664,47.24983168581414,48.08482510662156,6662700,0
2025-06-05,45.126041412353516,48.87444089978237,44.890062593391804,48.838139395677004,10438100,0
2025-06-06,47.304283142089844,48.38433328755564,46.97754539933487,47.068307806895604,6416000,0
2025-06-09,51.2432861328125,51.397580508161475,49.7094376631563,50.31753026741508,7859800,0
2025-06-10,52.0692024230957,52.86789432829577,50.916545770770604,52.23257130057372,7710700,0
2025-06-11,51.31135559082031,52.90420044995853,50.91654688457332,52.30518237351291,7869200,0
2025-06-12,49.39177322387695,50.961930084539446,49.08319140500388,49.32824126561108,7296400,0
2025-06-13,47.803466796875,48.674768644431,46.85956194389003,47.57656595930738,6962400,0
2025-06-16,51.05268859863281,51.25236244417727,48.99242857216237,49.201176927853375,6419600,0
2025-06-17,47.231685638427734,48.230048075368735,45.970117362976524,48.08483165795491,11343400,0
2025-06-18,46.342220306396484,47.77169256637025,46.07901454934661,46.487436678866864,8019900,0
2025-06-20,45.897499084472656,48.43878765862829,44.994434760944365,48.32987623091313,7734700,0
2025-06-23,45.7613639831543,45.90204487128784,42.58475192925524,43.99154003719644,13775100,0
2025-06-24,47.92145919799805,48.5386297917475,47.14999768692734,47.41320350589772,6619600,0
2025-06-25,49.7911262512207,50.26217335987055,48.983359727697675,49.99080011986052,6950000,0
2025-06-26,49.60045623779297,49.81128754625211,48.692961608810464,49.22462590588246,5622800,0
2025-06-27,48.83962631225586,49.747120928108075,48.463795985783136,48.79379402791122,6464000,0
2025-06-30,49.5179557800293,49.774619368592674,48.619629723278344,49.68295480032836,7188000,0
2025-07-01,47.28131103515625,49.041296056292445,47.26297742075532,48.42713570936869,6503600,0
2025-07-02,51.32377624511719,51.48877176798352,49.17879248650535,49.30712428027868,9157700,0
2025-07-03,51.0029411315918,52.185432890687345,50.70044527274118,51.021274743761374,5329900,0
2025-07-07,49.637123107910156,50.251283415516404,49.03212785852793,50.040452108571905,6064400,0
2025-07-08,50.28795623779297,50.75545118838125,49.55920989222999,50.41170376987295,4682700,0
2025-07-09,53.138763427734375,53.404592080679706,49.99462040659021,51.08544418048094,8781900,0
2025-07-10,54.623748779296875,55.118745830393124,51.82793754124292,52.377931933497145,13536100,0
2025-07-11,59.097049713134766,59.252880177708676,57.689977267430564,58.75788311945192,11106400,0
2025-07-14,60.82954025268555,63.075353794146054,60.09620967113667,62.67202826849703,10614000,0
2025-07-15,57.337066650390625,59.50038771617359,56.65874039373799,58.66622398695087,14130800,0
2025-07-16,60.0870475769043,60.77454236843154,58.98705171432551,59.62871771588614,10184500,0
2025-07-17,59.784542083740234,60.75161827145301,58.262887240454084,58.693714887996144,8769400,0
2025-07-18,57.987892150878906,60.07787868316202,57.822896618878524,59.61038026935976,9447300,0
2025-07-21,57.41956329345703,59.85788146276655,57.24539920855461,58.81288995979348,8993600,0
2025-07-22,60.00454330444336,60.95787023455668,58.226224739899834,59.96787607710532,8653000,0
2025-07-23,59.04205322265625,59.4087114990454,57.88706007006708,58.76705252180605,6734700,0
2025-07-24,59.665374755859375,60.26120494199305,58.473721377150326,59.376631714497584,6471600,0
2025-07-25,57.43789291381836,57.74955733135078,55.63665658099316,56.83289769117061,9735200,0
2025-07-28,58.52871322631836,59.66995692971817,57.87788575882998,59.097044687891334,5814900,0
2025-07-29,57.87436294555664,59.55885558837328,57.25424911284635,59.46630244431017,5390500,0
2025-07-30,57.198707580566406,59.21917556730944,56.01771069331811,57.8928666617157,6905200,0
2025-07-31,56.96732711791992,59.19789172171275,56.89328531088325,58.42969076166159,7056200,0
2025-08-01,53.255889892578125,55.89369320361093,53.13556798678555,55.69007206006596,9949100,0
2025-08-04,54.83857345581055,55.76411899936853,54.033349821504395,54.12590296358977,5757700,0
2025-08-05,53.77418899536133,54.681226639352126,52.71906775192692,54.26473048255547,6044700,0
2025-08-06,55.31985092163086,55.791877538686606,53.61684718468311,53.94078667377278,4474400,0
2025-08-07,57.541160583496094,57.63371724955835,55.67618701312009,56.41199750294291,5561500,0
2025-08-08,56.34720993041992,57.31903198034458,55.73635005355221,56.70817210347687,5290800,0
2025-08-11,58.85544204711914,60.5584460113819,58.42969193872247,59.22566168178865,7616700,0
2025-08-12,59.49406433105469,60.00774237223283,58.35564377594191,58.97576110440714,6107000,0
2025-08-13,62.761234283447266,62.86304484717175,59.89204481998317,60.502908202330104,9860900,0
2025-08-14,57.679996490478516,59.19789057748964,56.80998497322666,57.948405538485005,12159900,0
2025-08-15,56.55083084106445,58.19830429611296,56.430512463463245,58.14277029290592,5886500,0
2025-08-18,55.85667037963867,56.365723237080005,54.4174468223475,55.26432181535342,5228200,0
2025-08-19,52.66353988647461,55.458684164226725,52.2192749434936,55.38464236084713,6381900,0
2025-08-20,53.77418899536133,53.931533557118144,51.92309810353236,52.9134314482068,5482100,0
2025-08-21,51.756500244140625,53.54280325803262,51.562136545595045,52.820878931620044,4775200,0
2025-08-22,55.94922637939453,56.66189684060103,51.52511647285784,51.849059517411284,10816900,0
2025-08-25,50.303401947021484,52.38587954699217,50.04425030884154,51.11788306359938,9893500,0
2025-08-26,50.534786224365234,50.618085466092225,48.97986939924543,49.433388277687094,7211300,0
2025-08-27,51.41383361816406,51.938083770972845,50.42150769081151,50.6555473636644,5079500,0
2025-08-28,51.273414611816406,52.518503878853664,51.23596740514225,52.303187797220524,5434600,0
2025-08-29,47.70664596557617,49.91598104444768,47.45388269084135,49.85045022186777,8164800,0
2025-09-02,49.98151397705078,50.91767270618427,48.42749062953568,48.76450834340968,7198700,0
2025-09-03,51.235965728759766,51.6291542436494,50.290447003727714,50.54321028376489,4485700,0
2025-09-04,48.93301773071289,50.00023812210632,48.446214757747754,49.85981288274942,5742700,0
2025-09-05,50.44023513793945,52.03170574887985,49.14833504539228,51.67596441910205,8264200,0
2025-09-08,50.95512008666992,51.73212997750339,50.7117168164121,51.03001092825237,4161300,0
2025-09-09,50.21555709838867,51.75085694792794,49.60705602547549,51.6010716838549,4652800,0
2025-09-10,52.23765563964844,53.08019991253071,51.83510710606714,52.38744089136505,5253000,0
2025-09-11,53.0802001953125,53.3423234944225,52.32191034567871,52.406164773415796,4365200,0
2025-09-12,55.280174255371094,55.30545094194888,53.342325901147404,53.454663952811345,5330300,0
2025-09-15,53.707427978515625,53.98827489707961,52.80871641064594,53.4078574558924,5504100,0
2025-09-16,55.10230255126953,55.28017142154955,53.10828348785193,53.76359530276254,5216700,0
2025-09-17,53.90401840209961,54.606137410712954,52.97066665724097,54.47507219599576,7086100,0
2025-09-18,55.63591384887695,56.11335323191902,55.205281688303764,55.617190245656964,5563000,0
2025-09-19,53.38913345336914,54.6623099505968,53.29551900493394,54.418910241967886,5483600,0
2025-09-22,50.52448654174805,51.77893935153224,50.365337704609885,51.301496411279814,6834100,0
2025-09-23,50.0283203125,51.544899998050916,49.878535061340145,51.25468951154528,5858800,0
2025-09-24,51.60106658935547,52.120634954004366,51.05809639988326,51.34830331159422,4277200,0
2025-09-25,47.77218246459961,49.99088139385086,46.98580892903917,49.841096128561375,9168600,0
2025-09-26,47.50212097167969,48.56814700308804,47.10413604029645,47.55897337993025,6084000,0
2025-09-29,52.202110290527344,52.269387567965474,50.13638845264451,50.25009688356924,6647300,0
2025-09-30,52.19263458251953,52.35372122043714,50.67650655028681,51.197674092884476,4480600,0
2025-10-01,55.00694274902344,55.75553078869986,54.05936405010925,54.2962587248378,8908300,0
2025-10-02,58.2950439453125,58.46086950023662,56.05875756254725,56.69363719176159,9632500,0
2025-10-03,60.02911376953125,61.35572549642551,57.41474500714057,58.152908234450166,13401300,0
2025-10-06,62.616004943847656,63.50672404441003,61.61156656230412,62.12325995000696,9714800,0
2025-10-07,58.74040603637695,62.16021509731822,57.75492330686929,62.11378755751044,16136000,0
2025-10-08,60.313385009765625,61.20410406153178,58.71197471169146,59.54584497025947,9814800,0
2025-10-09,58.02972412109375,60.465001214405525,56.71258662493363,60.465001214405525,8597700,0
2025-10-10,53.63295364379883,59.53637219947078,52.97912563393611,59.0246788275473,14992600,0
2025-10-13,52.998077392578125,53.09283381742512,51.04606395408739,51.59566133943245,11028400,0
2025-10-14,49.98477554321289,50.88497601527752,47.43579018648115,48.24123062138193,11215800,0
2025-10-15,48.696067810058594,49.596268279432906,47.630041794550394,48.9140104727954,6930800,0
2025-10-16,45.929141998291016,48.83820839744895,45.341640585666056,48.46865327272659,14228900,0
2025-10-17,44.41301727294922,45.24688762774088,42.72632816835526,43.58862473038913,12720300,0
2025-10-20,48.080142974853516,48.80030116860999,47.24627273887833,47.90957852625119,9071500,0
2025-10-21,48.9519157409668,50.88497716611878,45.74909870690822,46.19446185483637,14220100,0
2025-10-22,45.35111999511719,46.53559344415503,44.981564857373556,45.72067513286082,14216200,0
2025-10-23,47.36946105957031,48.317039764693156,46.04284942650797,46.42188235444747,7810500,0
2025-10-24,47.64426040649414,48.317044094614396,46.876723899986594,48.269662263331426,6979400,0
2025-10-27,51.33981704711914,52.088405128362766,50.91719773363503,51.47247749397729,6932700,0
2025-10-28,50.18376922607422,52.4200556318646,50.0416345838441,51.40614666877378,6837500,0
2025-10-29,47.348419189453125,50.13587400972117,46.17979428852535,50.04966391614365,11519800,0
2025-10-30,43.794654846191406,45.52843035438557,43.63181193284907,45.41348477994352,10858600,0
2025-10-31,46.53421401977539,47.61662513649742,45.557167543595526,46.62042045638613,8981100,0
2025-11-03,43.794654846191406,45.1835899770055,42.69020973806735,44.61364891544213,8845900,0
2025-11-04,38.89984130859375,42.319501971317095,37.932372157394305,41.3424555456742,17481300,0
2025-11-05,41.256248474121094,41.86929639679835,39.97267801574541,40.37499299878601,8800900,0
2025-11-06,38.94773864746094,40.556991305089895,38.430478081640075,40.556991305089895,10380500,0
2025-11-07,41.10298538208008,41.227511879898685,37.74079917340765,38.37300528333126,11012900,0
2025-11-10,42.865501403808594,43.1241316831672,41.763928397731625,43.104973478690205,7643700,0
2025-11-11,40.25046920776367,41.783089117651876,40.097207216774855,41.66814353792378,6667400,0
2025-11-12,39.244686126708984,41.917191795592764,38.65079273002014,41.81182714849055,8589300,0
2025-11-13,36.505123138427734,40.71982940143045,35.15450080228003,39.89604854545518,14684800,0
2025-11-14,33.698509216308594,36.007019772443265,33.54524724115643,34.43608361362016,12295700,0
2025-11-17,31.907262802124023,34.867138000636636,31.44747682471142,33.49735734427957,17270000,0
2025-11-18,32.56820297241211,33.30577741939145,31.255896993423555,31.849786730373605,15295500,0
2025-11-19,30.22137451171875,32.25784446938977,29.531695607653784,31.3612639038349,16624900,0
2025-11-20,28.12360191345215,31.648631255163284,27.812287475834093,31.49536926874341,21959000,0
2025-11-21,26.926240921020508,27.59676164036678,23.439526237717466,26.341928468524607,20371400,0
2025-11-24,29.72327423095703,29.838219802368762,27.30939530698772,27.7787603488106,11317300,0
2025-11-25,28.590391159057617,29.107555914700264,27.692672294466767,28.43426630096835,7887200,0
2025-11-26,30.25897789001465,30.620015923442416,28.12201635341168,28.531844567812865,10259200,0
2025-11-28,30.795656204223633,32.454483238135474,30.50292256916715,32.395938744510254,8786700,0
2025-12-01,27.273086547851562,28.02443669217911,26.082632237566184,27.721945027289966,17023100,0
2025-12-02,30.707836151123047,31.556766681959814,29.053887182564345,29.224650022921182,13926300,0
2025-12-03,32.00562286376953,32.52278943495132,31.205482571348536,31.722645420220424,12789500,0
2025-12-04,31.683618545532227,32.20078141961715,30.56146861319729,31.908047787537196,10120600,0
2025-12-05,29.517383575439453,30.981055488271164,28.67821108317965,30.24921953185531,12537800,0
2025-12-08,30.405344009399414,31.08839163803359,29.624719743378975,30.79565614240963,7403500,0
2025-12-09,31.956836700439453,33.03019461214084,29.888179582143994,30.044306298134003,11494400,0
2025-12-10,31.5665225982666,32.95213393738598,30.893234861940865,31.1469382155011,12882700,0
2025-12-11,31.039602279663086,31.112786620794697,29.322226987811923,29.94672827831105,11777900,0
2025-12-12,29.97599983215332,31.683618909415028,29.43639328320856,31.283548739105306,7827300,0
2025-12-15,26.950000762939453,29.75,26.479999542236328,29.43000030517578,13734000,0
2025-12-16,28.049999237060547,28.43000030517578,27.559999465942383,27.600000381469727,7997800,0
2025-12-17,26.959999084472656,29.80500030517578,26.540000915527344,28.110000610351562,14412100,0
2025-12-18,26.100000381469727,29.06999969482422,26.0,28.520000457763672,15968800,0
2025-12-19,28.200000762939453,29.04400062561035,27.4689998626709,28.209999084472656,11561800,0
2025-12-22,28.350000381469727,29.760000228881836,28.079999923706055,29.459999084472656,9663200,0
2025-12-23,27.93000030517578,28.34000015258789,27.20199966430664,27.8700008392334,5795700,0
2025-12-24,27.670000076293945,27.874000549316406,27.030000686645508,27.600000381469727,4264600,0
2025-12-26,27.81999969482422,28.780000686645508,27.15999984741211,28.729999542236328,7711900,0
2025-12-29,27.530000686645508,28.18000030517578,27.440000534057617,27.760000228881836,6440800,0
2025-12-30,28.0,29.045000076293945,27.969999313354492,28.219999313354492,8122300,0
2025-12-31,27.739999771118164,28.75,27.5,28.75,5841800,0
2026-01-02,29.18000030517578,30.049999237060547,28.350000381469727,28.65999984741211,14023000,0
2026-01-05,32.04999923706055,32.5,30.899999618530273,31.170000076293945,11127300,0
2026-01-06,30.8700008392334,32.18000030517578,29.959999084472656,32.13999938964844,10000200,0
2026-01-07,29.81999969482422,30.559999465942383,29.590999603271484,30.110000610351562,7708100,0
2026-01-08,29.75,30.13990020751953,28.6200008392334,28.829999923706055,8037235,0
