datetime,open,high,low,close,volume,openinterest
2025-10-08 00:00:00,59.49623752923066,59.54584497025947,59.44663008820185,59.49623752923066,754984.6153846154,0
2025-10-08 00:30:00,59.69267319440199,59.775539748585665,59.609806640218316,59.69267319440199,754984.6153846154,0
2025-10-08 01:00:00,59.62363194473585,59.67376831017717,59.57349557929453,59.62363194473585,754984.6153846154,0
2025-10-08 01:30:00,59.75449646542017,59.771262950704326,59.73772998013601,59.75449646542017,754984.6153846154,0
2025-10-08 02:00:00,59.83595648072995,59.870221311365036,59.80169165009486,59.83595648072995,754984.6153846154,0
2025-10-08 02:30:00,59.63237742658066,59.8656533200537,59.39910153310762,59.63237742658066,754984.6153846154,0
2025-10-08 03:00:00,59.77123579521772,59.92961499001255,59.61285660042289,59.77123579521772,754984.6153846154,0
2025-10-08 03:30:00,59.91391054364172,59.993576659971396,59.83424442731204,59.91391054364172,754984.6153846154,0
2025-10-08 04:00:00,60.15992971366296,60.262321097395684,60.05753832993024,60.15992971366296,754984.6153846154,0
2025-10-08 04:30:00,60.063467271223246,60.12149999988909,60.0054345425574,60.063467271223246,754984.6153846154,0
2025-10-08 05:00:00,60.09411562727668,60.18546166984793,60.002769584705426,60.09411562727668,754984.6153846154,0
2025-10-08 05:30:00,60.205953224639615,60.24942333980678,60.16248310947245,60.205953224639615,754984.6153846154,0
2025-10-08 06:00:00,60.433928483956976,60.554471958148326,60.313385009765625,60.433928483956976,754984.6153846154,0
2025-10-09 00:00:00,60.30206413086672,60.465001214405525,60.13912704732791,60.30206413086672,661361.5384615385,0
2025-10-09 00:30:00,60.39534767007684,60.52863388352413,60.262061456629546,60.39534767007684,661361.5384615385,0
2025-10-09 01:00:00,59.80035645098551,60.05912169885356,59.54159120311746,59.80035645098551,661361.5384615385,0
2025-10-09 01:30:00,59.966939405008105,60.07769686893863,59.85618194107758,59.966939405008105,661361.5384615385,0
2025-10-09 02:00:00,59.963184593489245,60.27312700367689,59.6532421833016,59.963184593489245,661361.5384615385,0
2025-10-09 02:30:00,59.61028696360868,59.77027150169174,59.45030242552562,59.61028696360868,661361.5384615385,0
2025-10-09 03:00:00,59.5135258619987,59.77968905624776,59.24736266774964,59.5135258619987,661361.5384615385,0
2025-10-09 03:30:00,59.13961856319779,59.23481421642193,59.044422909973655,59.13961856319779,661361.5384615385,0
2025-10-09 04:00:00,58.79949522283528,58.841483152197675,58.75750729347289,58.79949522283528,661361.5384615385,0
2025-10-09 04:30:00,58.60940963908777,58.638543394421696,58.58027588375385,58.60940963908777,661361.5384615385,0
2025-10-09 05:00:00,58.376701714573485,58.43560363664571,58.31779979250126,58.376701714573485,661361.5384615385,0
2025-10-09 05:30:00,58.315953395240065,58.3992429116104,58.23266387886973,58.315953395240065,661361.5384615385,0
2025-10-09 06:00:00,58.05533462828261,58.08094513547147,58.02972412109375,58.05533462828261,661361.5384615385,0
2025-10-10 00:00:00,58.720667565025586,59.0246788275473,58.416656302503874,58.720667565025586,1153276.923076923,0
2025-10-10 00:30:00,58.672808242872655,58.77024809017705,58.57536839556826,58.672808242872655,1153276.923076923,0
2025-10-10 01:00:00,58.60547486079155,59.08489175799389,58.12605796358922,58.60547486079155,1153276.923076923,0
2025-10-10 01:30:00,57.69989624551289,57.723044959415596,57.67674753161018,57.69989624551289,1153276.923076923,0
2025-10-10 02:00:00,57.05959359233819,57.22743709963114,56.89175008504524,57.05959359233819,1153276.923076923,0
2025-10-10 02:30:00,57.26226406150381,57.74640145535551,56.7781266676521,57.26226406150381,1153276.923076923,0
2025-10-10 03:00:00,56.77629817972273,57.2237801237724,56.32881623567306,56.77629817972273,1153276.923076923,0
2025-10-10 03:30:00,55.83322329997956,55.87950580369402,55.78694079626509,55.83322329997956,1153276.923076923,0
2025-10-10 04:00:00,55.136500451401105,55.43019537171499,54.84280553108722,55.136500451401105,1153276.923076923,0
2025-10-10 04:30:00,54.60938680544924,54.980884939735944,54.23788867116254,54.60938680544924,1153276.923076923,0
2025-10-10 05:00:00,54.629762134361414,54.72794976096592,54.53157450775691,54.629762134361414,1153276.923076923,0
2025-10-10 05:30:00,54.12061687775798,54.15896967973809,54.08226407577787,54.12061687775798,1153276.923076923,0
2025-10-10 06:00:00,53.932616439855366,54.2322792359119,53.63295364379883,53.932616439855366,1153276.923076923,0
2025-10-13 00:00:00,51.59607254719345,51.59648375495445,51.59566133943245,51.59607254719345,848338.4615384615,0
2025-10-13 00:30:00,51.98488354577415,52.25723774768704,51.71252934386126,51.98488354577415,848338.4615384615,0
2025-10-13 01:00:00,51.99445317883191,52.15950900937376,51.829397348290065,51.99445317883191,848338.4615384615,0
2025-10-13 01:30:00,51.87747404977935,51.94626535271887,51.808682746839835,51.87747404977935,848338.4615384615,0
2025-10-13 02:00:00,51.90372362688321,52.06313335714768,51.74431389661875,51.90372362688321,848338.4615384615,0
2025-10-13 02:30:00,52.13020764248256,52.18000136157649,52.08041392338863,52.13020764248256,848338.4615384615,0
2025-10-13 03:00:00,52.39684422614981,52.49681908629433,52.29686936600529,52.39684422614981,848338.4615384615,0
2025-10-13 03:30:00,52.517596141743695,52.6214549130533,52.41373737043409,52.517596141743695,848338.4615384615,0
2025-10-13 04:00:00,52.56048516469412,52.59036495452534,52.5306053748629,52.56048516469412,848338.4615384615,0
2025-10-13 04:30:00,52.717390546384344,52.78730771347698,52.64747337929171,52.717390546384344,848338.4615384615,0
2025-10-13 05:00:00,52.95511339480344,53.14588540588637,52.76434138372051,52.95511339480344,848338.4615384615,0
2025-10-13 05:30:00,52.91067793324027,52.94014647833123,52.881209388149315,52.91067793324027,848338.4615384615,0
2025-10-13 06:00:00,52.89119471906588,52.998077392578125,52.784312045553634,52.89119471906588,848338.4615384615,0
2025-10-14 00:00:00,48.40282919955964,48.56442777773735,48.24123062138193,48.40282919955964,862753.8461538461,0
2025-10-14 00:30:00,48.62341937158563,48.86031271163676,48.38652603153451,48.62341937158563,862753.8461538461,0
2025-10-14 01:00:00,48.28829106755995,48.53182144168709,48.04476069343281,48.28829106755995,862753.8461538461,0
2025-10-14 01:30:00,48.88593358641434,49.09475032098901,48.67711685183967,48.88593358641434,862753.8461538461,0
2025-10-14 02:00:00,48.72042604162624,48.82241226199225,48.61843982126023,48.72042604162624,862753.8461538461,0
2025-10-14 02:30:00,49.27158362968689,49.57545958722894,48.96770767214483,49.27158362968689,862753.8461538461,0
2025-10-14 03:00:00,49.251643442604916,49.39028380291242,49.11300308229741,49.251643442604916,862753.8461538461,0
2025-10-14 03:30:00,49.010875810447715,49.25829849244999,48.76345312844544,49.010875810447715,862753.8461538461,0
2025-10-14 04:00:00,49.25013370730608,49.40359390260257,49.09667351200958,49.25013370730608,862753.8461538461,0
2025-10-14 04:30:00,49.52797237852601,49.54888931275515,49.50705544429687,49.52797237852601,862753.8461538461,0
2025-10-14 05:00:00,49.87918375358063,50.064182784253525,49.69418472290773,49.87918375358063,862753.8461538461,0
2025-10-14 05:30:00,49.8364966496857,49.83948013306031,49.833513166311086,49.8364966496857,862753.8461538461,0
2025-10-14 06:00:00,50.356925477525834,50.72907541183878,49.98477554321289,50.356925477525834,862753.8461538461,0
2025-10-15 00:00:00,48.764698033108445,48.9140104727954,48.61538559342149,48.764698033108445,533138.4615384615,0
2025-10-15 00:30:00,49.01901762326886,49.14218666230372,48.895848584233995,49.01901762326886,533138.4615384615,0
2025-10-15 01:00:00,48.811505921268925,48.877686695672594,48.745325146865255,48.811505921268925,533138.4615384615,0
2025-10-15 01:30:00,48.79626676342153,48.8595248071112,48.733008719731856,48.79626676342153,533138.4615384615,0
2025-10-15 02:00:00,48.67429530083474,48.8413629185498,48.50722768311969,48.67429530083474,533138.4615384615,0
2025-10-15 02:30:00,48.79503028364298,48.8232010299884,48.76685953729756,48.79503028364298,533138.4615384615,0
2025-10-15 03:00:00,48.771766882501716,48.805039141426995,48.738494623576436,48.771766882501716,533138.4615384615,0
2025-10-15 03:30:00,48.54681744273742,48.786877252865594,48.30675763260925,48.54681744273742,533138.4615384615,0
2025-10-15 04:00:00,48.79524490687074,48.82177444943729,48.76871536430419,48.79524490687074,533138.4615384615,0
2025-10-15 04:30:00,48.770681000486476,48.79080852523016,48.75055347574279,48.770681000486476,533138.4615384615,0
2025-10-15 05:00:00,48.69674875590111,48.7323915871814,48.66110592462083,48.69674875590111,533138.4615384615,0
2025-10-15 05:30:00,48.65547106034725,48.714229698619995,48.59671242207451,48.65547106034725,533138.4615384615,0
2025-10-15 06:00:00,48.61188176855692,48.696067810058594,48.527695727055246,48.61188176855692,533138.4615384615,0
2025-10-16 00:00:00,48.88443016803019,49.300207063333794,48.46865327272659,48.88443016803019,1094530.7692307692,0
2025-10-16 00:30:00,48.53691889529451,48.81681045739873,48.257027333190294,48.53691889529451,1094530.7692307692,0
2025-10-16 01:00:00,47.97698304141776,48.045401393654,47.908564689181524,47.97698304141776,1094530.7692307692,0
2025-10-16 01:30:00,47.85825239082117,47.88272932752464,47.8337754541177,47.85825239082117,1094530.7692307692,0
2025-10-16 02:00:00,47.787167392231545,47.95218526988169,47.6221495145814,47.787167392231545,1094530.7692307692,0
2025-10-16 02:30:00,47.456864459499776,47.50320534395445,47.410523575045104,47.456864459499776,1094530.7692307692,0
2025-10-16 03:00:00,47.466627770565154,47.73435790562151,47.1988976355088,47.466627770565154,1094530.7692307692,0
2025-10-16 03:30:00,46.973668564175156,46.9872716959725,46.96006543237781,46.973668564175156,1094530.7692307692,0
2025-10-16 04:00:00,46.599693467516815,46.775645756436205,46.423741178597425,46.599693467516815,1094530.7692307692,0
2025-10-16 04:30:00,46.65223724124034,46.74045466558078,46.56401981689991,46.65223724124034,1094530.7692307692,0
2025-10-16 05:00:00,46.23135414759617,46.35239387736361,46.11031441782873,46.23135414759617,1094530.7692307692,0
2025-10-16 05:30:00,45.82607742095261,46.14076793782731,45.5113869040779,45.82607742095261,1094530.7692307692,0
2025-10-16 06:00:00,46.080485155529956,46.2318283127689,45.929141998291016,46.080485155529956,1094530.7692307692,0
2025-10-17 00:00:00,43.568148903106746,43.58862473038913,43.54767307582436,43.568148903106746,978484.6153846154,0
2025-10-17 00:30:00,43.71856480123633,43.77980549353686,43.6573241089358,43.71856480123633,978484.6153846154,0
2025-10-17 01:00:00,43.658133339018676,43.72602348748248,43.59024319055487,43.658133339018676,978484.6153846154,0
2025-10-17 01:30:00,43.83011551412025,43.865508162211356,43.79472286602915,43.83011551412025,978484.6153846154,0
2025-10-17 02:00:00,43.8272726377159,43.86342224457582,43.79112303085598,43.8272726377159,978484.6153846154,0
2025-10-17 02:30:00,44.002595712381826,44.073069801641154,43.9321216231225,44.002595712381826,978484.6153846154,0
2025-10-17 03:00:00,43.91123819716152,44.00082100166917,43.821655392653874,43.91123819716152,978484.6153846154,0
2025-10-17 03:30:00,44.15483833474775,44.24015628927965,44.06952038021585,44.15483833474775,978484.6153846154,0
2025-10-17 04:00:00,44.06961465803274,44.138219758762524,44.00100955730296,44.06961465803274,978484.6153846154,0
2025-10-17 04:30:00,44.12161723108982,44.2069191373092,44.03631532487044,44.12161723108982,978484.6153846154,0
2025-10-17 05:00:00,44.26802358023521,44.27561851585587,44.26042864461455,44.26802358023521,978484.6153846154,0
2025-10-17 05:30:00,44.09290210489986,44.34431789440254,43.841486315397184,44.09290210489986,978484.6153846154,0
2025-10-17 06:00:00,44.607515053545065,44.80201283414091,44.41301727294922,44.607515053545065,978484.6153846154,0
2025-10-20 00:00:00,47.85071336487289,47.90957852625119,47.79184820349459,47.85071336487289,697807.6923076923,0
2025-10-20 00:30:00,47.91688128699727,47.92379223030138,47.90997034369315,47.91688128699727,697807.6923076923,0
2025-10-20 01:00:00,47.96148371682679,47.984961499302,47.93800593435158,47.96148371682679,697807.6923076923,0
2025-10-20 01:30:00,47.956458014966984,47.960696391532196,47.95221963840177,47.956458014966984,697807.6923076923,0
2025-10-20 02:00:00,47.88271737087825,47.966433342451964,47.79900139930453,47.88271737087825,697807.6923076923,0
2025-10-20 02:30:00,47.88167993797395,47.98064704650216,47.782712829445735,47.88167993797395,697807.6923076923,0
2025-10-20 03:00:00,48.01680682188864,48.03875289322493,47.994860750552355,48.01680682188864,697807.6923076923,0
2025-10-20 03:30:00,47.99880875540166,48.00907445460255,47.988543056200776,47.99880875540166,697807.6923076923,0
2025-10-20 04:00:00,48.01743780851883,48.02328815865275,48.01158745838491,48.01743780851883,697807.6923076923,0
2025-10-20 04:30:00,48.00798234449539,48.03750186270294,47.97846282628784,48.00798234449539,697807.6923076923,0
2025-10-20 05:00:00,48.00797232483994,48.05171556675313,47.96422908292675,48.00797232483994,697807.6923076923,0
2025-10-20 05:30:00,48.164039708628785,48.26215014645424,48.06592927080333,48.164039708628785,697807.6923076923,0
2025-10-20 06:00:00,48.06431786220438,48.08014297485352,48.048492749555244,48.06431786220438,697807.6923076923,0
2025-10-21 00:00:00,46.29293467523843,46.391407495640486,46.19446185483637,46.29293467523843,1093853.8461538462,0
2025-10-21 00:30:00,46.509385213352395,46.594520748024216,46.424249678680575,46.509385213352395,1093853.8461538462,0
2025-10-21 01:00:00,46.67033112632085,46.686624750116934,46.65403750252477,46.67033112632085,1093853.8461538462,0
2025-10-21 01:30:00,46.90656394484464,46.929302563320306,46.88382532636898,46.90656394484464,1093853.8461538462,0
2025-10-21 02:00:00,47.2763037824201,47.438994414627025,47.113613150213176,47.2763037824201,1093853.8461538462,0
2025-10-21 02:30:00,47.64091881416112,47.938436654264855,47.34340097405738,47.64091881416112,1093853.8461538462,0
2025-10-21 03:00:00,48.124000583620166,48.67481236933875,47.57318879790158,48.124000583620166,1093853.8461538462,0
2025-10-21 03:30:00,48.245388439248934,48.687800256752084,47.802976621745785,48.245388439248934,1093853.8461538462,0
2025-10-21 04:00:00,48.20313072519921,48.37349700480843,48.03276444558999,48.20313072519921,1093853.8461538462,0
2025-10-21 04:30:00,48.30558006021935,48.34860785100451,48.26255226943419,48.30558006021935,1093853.8461538462,0
2025-10-21 05:00:00,48.51787537698325,48.5434106606881,48.49234009327839,48.51787537698325,1093853.8461538462,0
2025-10-21 05:30:00,48.371414025074216,48.72212791712259,48.02070013302584,48.371414025074216,1093853.8461538462,0
2025-10-21 06:00:00,49.105411546255056,49.258907351543314,48.9519157409668,49.105411546255056,1093853.8461538462,0
2025-10-22 00:00:00,45.77061744019759,45.82055974753436,45.72067513286082,45.77061744019759,1093553.8461538462,0
2025-10-22 00:30:00,45.73308461890529,45.77629036642839,45.689878871382184,45.73308461890529,1093553.8461538462,0
2025-10-22 01:00:00,45.55410221450174,45.65908260990355,45.44912181909993,45.55410221450174,1093553.8461538462,0
2025-10-22 01:30:00,45.64818418509029,45.668082021755666,45.62828634842491,45.64818418509029,1093553.8461538462,0
2025-10-22 02:00:00,45.66680963764259,45.7361291883389,45.59749008694627,45.66680963764259,1093553.8461538462,0
2025-10-22 02:30:00,45.57952795036594,45.59236207526425,45.56669382546764,45.57952795036594,1093553.8461538462,0
2025-10-22 03:00:00,45.37767561183332,45.535897563989,45.21945365967763,45.37767561183332,1093553.8461538462,0
2025-10-22 03:30:00,45.36390702679663,45.50510130251037,45.222712751082895,45.36390702679663,1093553.8461538462,0
2025-10-22 04:00:00,45.47161627116036,45.474305041031734,45.46892750128898,45.47161627116036,1093553.8461538462,0
2025-10-22 04:30:00,45.54593857991511,45.64836838027712,45.4435087795531,45.54593857991511,1093553.8461538462,0
2025-10-22 05:00:00,45.50799664581198,45.6032807735495,45.41271251807446,45.50799664581198,1093553.8461538462,0
2025-10-22 05:30:00,45.487555403715156,45.59319455083449,45.38191625659582,45.487555403715156,1093553.8461538462,0
2025-10-22 06:00:00,45.34334951916181,45.35111999511719,45.33557904320644,45.34334951916181,1093553.8461538462,0
2025-10-23 00:00:00,46.43682869900623,46.451775043564986,46.42188235444747,46.43682869900623,600807.6923076923,0
2025-10-23 00:30:00,46.32895315971809,46.50084724654104,46.15705907289514,46.32895315971809,600807.6923076923,0
2025-10-23 01:00:00,46.463188928730226,46.57981213863461,46.34656571882584,46.463188928730226,600807.6923076923,0
2025-10-23 01:30:00,46.769011010192564,46.87924498965695,46.65877703072818,46.769011010192564,600807.6923076923,0
2025-10-23 02:00:00,46.70970160742335,46.73774192282175,46.68166129202495,46.70970160742335,600807.6923076923,0
2025-10-23 02:30:00,46.74482710468607,46.81670681491532,46.67294739445681,46.74482710468607,600807.6923076923,0
2025-10-23 03:00:00,46.88664117933358,46.89567170700889,46.87761065165827,46.88664117933358,600807.6923076923,0
2025-10-23 03:30:00,46.99393765846853,47.013238717834604,46.97463659910246,46.99393765846853,600807.6923076923,0
2025-10-23 04:00:00,47.04016088459825,47.053601491196034,47.02672027800047,47.04016088459825,600807.6923076923,0
2025-10-23 04:30:00,47.5265110006796,47.920455618069596,47.1325663832896,47.5265110006796,600807.6923076923,0
2025-10-23 05:00:00,47.04176460548067,47.21153127538317,46.87199793557817,47.04176460548067,600807.6923076923,0
2025-10-23 05:30:00,47.25434263962985,47.29049616747674,47.218189111782955,47.25434263962985,600807.6923076923,0
2025-10-23 06:00:00,47.51144478603837,47.65342851250642,47.36946105957031,47.51144478603837,600807.6923076923,0
2025-10-24 00:00:00,48.19709963387286,48.26966226333143,48.124537004414286,48.19709963387286,536876.9230769231,0
2025-10-24 00:30:00,48.189839621335906,48.21754544192832,48.16213380074349,48.189839621335906,536876.9230769231,0
2025-10-24 01:00:00,48.083524634743895,48.16542862052522,48.00162064896257,48.083524634743895,536876.9230769231,0
2025-10-24 01:30:00,48.11661504149698,48.11991828387185,48.11331179912211,48.11661504149698,536876.9230769231,0
2025-10-24 02:00:00,47.97624619825223,48.061194977719005,47.89129741878545,47.97624619825223,536876.9230769231,0
2025-10-24 02:30:00,47.9061078862128,48.009078156315894,47.80313761610971,47.9061078862128,536876.9230769231,0
2025-10-24 03:00:00,48.11666932147734,48.27637730804189,47.95696133491279,48.11666932147734,536876.9230769231,0
2025-10-24 03:30:00,47.95279797588986,48.000751438270036,47.90484451350968,47.95279797588986,536876.9230769231,0
2025-10-24 04:00:00,47.87917574583691,47.90562379956725,47.85272769210657,47.87917574583691,536876.9230769231,0
2025-10-24 04:30:00,47.80785218917287,47.815093507642274,47.800610870703466,47.80785218917287,536876.9230769231,0
2025-10-24 05:00:00,47.685686813146134,47.748494049300355,47.62287957699191,47.685686813146134,536876.9230769231,0
2025-10-24 05:30:00,47.617697162778114,47.69637722789725,47.53901709765898,47.617697162778114,536876.9230769231,0
2025-10-24 06:00:00,47.66176248854741,47.67926457060068,47.64426040649414,47.66176248854741,536876.9230769231,0
2025-10-27 00:00:00,51.55212770251405,51.63177791105081,51.47247749397729,51.55212770251405,533284.6153846154,0
2025-10-27 00:30:00,51.346283019046936,51.461422456739115,51.23114358135476,51.346283019046936,533284.6153846154,0
2025-10-27 01:00:00,51.45061624757428,51.450865075647634,51.45036741950093,51.45061624757428,533284.6153846154,0
2025-10-27 01:30:00,51.45315013273453,51.46698788320631,51.43931238226275,51.45315013273453,533284.6153846154,0
2025-10-27 02:00:00,51.335337721877345,51.42825734502457,51.24241809873012,51.335337721877345,533284.6153846154,0
2025-10-27 02:30:00,51.397508444157324,51.41720230778639,51.37781458052826,51.397508444157324,533284.6153846154,0
2025-10-27 03:00:00,51.487263410034515,51.56837954952081,51.40614727054822,51.487263410034515,533284.6153846154,0
2025-10-27 03:30:00,51.25779310072118,51.39509223331004,51.12049396813232,51.25779310072118,533284.6153846154,0
2025-10-27 04:00:00,51.432468792895435,51.48090038971901,51.38403719607186,51.432468792895435,533284.6153846154,0
2025-10-27 04:30:00,51.41295149324362,51.45292082765356,51.37298215883368,51.41295149324362,533284.6153846154,0
2025-10-27 05:00:00,51.423335786601946,51.48474445160839,51.3619271215955,51.423335786601946,533284.6153846154,0
2025-10-27 05:30:00,51.38634641656902,51.42182074878072,51.35087208435732,51.38634641656902,533284.6153846154,0
2025-10-27 06:00:00,51.390639504796184,51.44146196247323,51.33981704711914,51.390639504796184,533284.6153846154,0
2025-10-28 00:00:00,51.45172767991148,51.49730869104918,51.40614666877378,51.45172767991148,525961.5384615385,0
2025-10-28 00:30:00,51.374166336063674,51.4440507902452,51.30428188188215,51.374166336063674,525961.5384615385,0
2025-10-28 01:00:00,51.363147897541324,51.523878700092126,51.20241709499052,51.363147897541324,525961.5384615385,0
2025-10-28 01:30:00,51.16490227918504,51.229252250271195,51.10055230809889,51.16490227918504,525961.5384615385,0
2025-10-28 02:00:00,51.11406076796894,51.229434014730614,50.99868752120726,51.11406076796894,525961.5384615385,0
2025-10-28 02:30:00,51.1463091442276,51.395795554139575,50.89682273431563,51.1463091442276,525961.5384615385,0
2025-10-28 03:00:00,51.004404574877256,51.21385120233052,50.794957947423995,51.004404574877256,525961.5384615385,0
2025-10-28 03:30:00,50.62190674301629,50.69309316053237,50.55072032550021,50.62190674301629,525961.5384615385,0
2025-10-28 04:00:00,50.52070706253683,50.59122837364074,50.45018575143292,50.52070706253683,525961.5384615385,0
2025-10-28 04:30:00,50.6567137507734,50.82406391479769,50.48936358674911,50.6567137507734,525961.5384615385,0
2025-10-28 05:00:00,50.34130230605327,50.38749879985748,50.29510581224906,50.34130230605327,525961.5384615385,0
2025-10-28 05:30:00,50.19219043438704,50.28563401296585,50.09874685580822,50.19219043438704,525961.5384615385,0
2025-10-28 06:00:00,50.12434386831824,50.18376922607422,50.064918510562265,50.12434386831824,525961.5384615385,0
2025-10-29 00:00:00,49.78510358965888,50.04966391614365,49.52054326317411,49.78510358965888,886138.4615384615,0
2025-10-29 00:30:00,50.040347045172,50.256133901424555,49.82456018891944,50.040347045172,886138.4615384615,0
2025-10-29 01:00:00,49.78871636468968,49.97797626768413,49.599456461695226,49.78871636468968,886138.4615384615,0
2025-10-29 01:30:00,49.362538330079126,49.37435273447102,49.350723925687234,49.362538330079126,886138.4615384615,0
2025-10-29 02:00:00,49.10328330426809,49.14924900724681,49.05731760128937,49.10328330426809,886138.4615384615,0
2025-10-29 02:30:00,48.861835026794154,48.9241452800226,48.79952477356571,48.861835026794154,886138.4615384615,0
2025-10-29 03:00:00,48.80375475406709,48.908467955335794,48.69904155279839,48.80375475406709,886138.4615384615,0
2025-10-29 03:30:00,48.62585884536482,48.77777986515546,48.473937825574176,48.62585884536482,886138.4615384615,0
2025-10-29 04:00:00,48.06558299782777,48.24883409834997,47.88233189730557,48.06558299782777,886138.4615384615,0
2025-10-29 04:30:00,47.92920942611013,48.02373037112576,47.834688481094496,47.92920942611013,886138.4615384615,0
2025-10-29 05:00:00,47.84582135491921,47.89301606593688,47.79862664390154,47.84582135491921,886138.4615384615,0
2025-10-29 05:30:00,47.55264500058285,47.573522916677334,47.531767084488365,47.55264500058285,886138.4615384615,0
2025-10-29 06:00:00,46.976121476683545,47.348419189453125,46.603823763913965,46.976121476683545,886138.4615384615,0
2025-10-30 00:00:00,45.43377192226008,45.45405906457663,45.41348477994352,45.43377192226008,835276.9230769231,0
2025-10-30 00:30:00,45.261434510702564,45.27858228546418,45.244286735940946,45.261434510702564,835276.9230769231,0
2025-10-30 01:00:00,45.13159195242943,45.143679790984834,45.11950411387403,45.13159195242943,835276.9230769231,0
2025-10-30 01:30:00,45.00259074214712,45.00877729650549,44.99640418778875,45.00259074214712,835276.9230769231,0
2025-10-30 02:00:00,44.995318816185225,45.1167628303443,44.87387480202615,44.995318816185225,835276.9230769231,0
2025-10-30 02:30:00,44.64885994196882,44.73897230754681,44.558747576390836,44.64885994196882,835276.9230769231,0
2025-10-30 03:00:00,44.675869107208996,44.74766840135052,44.60406981306747,44.675869107208996,835276.9230769231,0
2025-10-30 03:30:00,44.436993429146845,44.46916731858812,44.40481953970557,44.436993429146845,835276.9230769231,0
2025-10-30 04:00:00,44.32186707059107,44.33426482410878,44.30946931707336,44.32186707059107,835276.9230769231,0
2025-10-30 04:30:00,44.18847674880256,44.19936232962944,44.17759116797568,44.18847674880256,835276.9230769231,0
2025-10-30 05:00:00,43.93311113629282,44.06445983515009,43.801762437435556,43.93311113629282,835276.9230769231,0
2025-10-30 05:30:00,43.866932202338994,43.92955734067075,43.80430706400724,43.866932202338994,835276.9230769231,0
2025-10-30 06:00:00,43.903706872225584,44.01275889825976,43.794654846191406,43.903706872225584,835276.9230769231,0
2025-10-31 00:00:00,46.535851876758315,46.62042045638613,46.4512832971305,46.535851876758315,690853.8461538461,0
2025-10-31 00:30:00,46.44622409108653,46.61323658666856,46.27921159550449,46.44622409108653,690853.8461538461,0
2025-10-31 01:00:00,46.670498698789906,46.73494468062881,46.606052716951005,46.670498698789906,690853.8461538461,0
2025-10-31 01:30:00,46.73977119553955,46.880673543845646,46.59886884723345,46.73977119553955,690853.8461538461,0
2025-10-31 02:00:00,46.63084303984353,46.670001102171184,46.59168497751588,46.63084303984353,690853.8461538461,0
2025-10-31 02:30:00,46.569160357433596,46.58450110779832,46.553819607068874,46.569160357433596,690853.8461538461,0
2025-10-31 03:00:00,46.45798791389306,46.57731723808076,46.338658589705354,46.45798791389306,690853.8461538461,0
2025-10-31 03:30:00,46.48826789740605,46.5701333683632,46.40640242644889,46.48826789740605,690853.8461538461,0
2025-10-31 04:00:00,46.53573720815818,46.56294949864564,46.50852491767073,46.53573720815818,690853.8461538461,0
2025-10-31 04:30:00,46.50557186088932,46.55576562892807,46.455378092850566,46.50557186088932,690853.8461538461,0
2025-10-31 05:00:00,46.5416050193478,46.548581759210514,46.534628279485084,46.5416050193478,690853.8461538461,0
2025-10-31 05:30:00,46.540413248467985,46.541397889492956,46.539428607443014,46.540413248467985,690853.8461538461,0
2025-10-31 06:00:00,46.43514947722116,46.53421401977539,46.33608493466693,46.43514947722116,690853.8461538461,0
2025-11-03 00:00:00,44.633907950584856,44.654166985727585,44.61364891544213,44.633907950584856,680453.8461538461,0
2025-11-03 00:30:00,44.63474126901897,44.7240831283667,44.545399409671234,44.63474126901897,680453.8461538461,0
2025-11-03 01:00:00,44.3672914442792,44.47714990390034,44.25743298465807,44.3672914442792,680453.8461538461,0
2025-11-03 01:30:00,44.32632532386879,44.40890039812945,44.24375024960813,44.32632532386879,680453.8461538461,0
2025-11-03 02:00:00,44.04858423039913,44.34065089235855,43.756517568439705,44.04858423039913,680453.8461538461,0
2025-11-03 02:30:00,44.19734447854778,44.27240138658766,44.12228757050789,44.19734447854778,680453.8461538461,0
2025-11-03 03:00:00,44.25027348169537,44.29639508257398,44.20415188081677,44.25027348169537,680453.8461538461,0
2025-11-03 03:30:00,44.30451887874763,44.473135382449385,44.13590237504587,44.30451887874763,680453.8461538461,0
2025-11-03 04:00:00,44.275672880918165,44.48369289256135,44.06765286927498,44.275672880918165,680453.8461538461,0
2025-11-03 04:30:00,43.83860321034566,43.999403363504086,43.67780305718723,43.83860321034566,680453.8461538461,0
2025-11-03 05:00:00,44.07168406097231,44.212214264211426,43.93115385773319,44.07168406097231,680453.8461538461,0
2025-11-03 05:30:00,43.672612679107765,43.8629043519623,43.48232100625323,43.672612679107765,680453.8461538461,0
2025-11-03 06:00:00,43.77513278097471,43.794654846191406,43.75561071575801,43.77513278097471,680453.8461538461,0
2025-11-04 00:00:00,41.854227051203814,42.36599855673343,41.3424555456742,41.854227051203814,1344715.3846153845,0
2025-11-04 00:30:00,41.62481344748958,42.11072253572833,41.13890435925083,41.62481344748958,1344715.3846153845,0
2025-11-04 01:00:00,40.944008487257584,40.95266380168771,40.935353172827455,40.944008487257584,1344715.3846153845,0
2025-11-04 01:30:00,40.954858231217884,41.17791447603168,40.731801986404086,40.954858231217884,1344715.3846153845,0
2025-11-04 02:00:00,40.42430006284408,40.52825079998072,40.32034932570745,40.42430006284408,1344715.3846153845,0
2025-11-04 02:30:00,40.330916586046136,40.33713355853493,40.32469961355734,40.330916586046136,1344715.3846153845,0
2025-11-04 03:00:00,40.205979985352535,40.290811543571095,40.121148427133974,40.205979985352535,1344715.3846153845,0
2025-11-04 03:30:00,40.08855730951221,40.25951737831382,39.917597240710606,40.08855730951221,1344715.3846153845,0
2025-11-04 04:00:00,39.6323227960627,39.71404605428723,39.550599537838174,39.6323227960627,1344715.3846153845,0
2025-11-04 04:30:00,39.67328810073399,39.83608133360412,39.51049486786386,39.67328810073399,1344715.3846153845,0
2025-11-04 05:00:00,39.33683363115557,39.36672358087065,39.306943681440494,39.33683363115557,1344715.3846153845,0
2025-11-04 05:30:00,39.45557806035349,39.80776362568986,39.10339249501712,39.45557806035349,1344715.3846153845,0
2025-11-04 06:00:00,38.83616541982102,38.89984130859375,38.77248953104829,38.83616541982102,1344715.3846153845,0
2025-11-05 00:00:00,40.39533168086888,40.415670362951744,40.37499299878601,40.39533168086888,676992.3076923077,0
2025-11-05 00:30:00,40.50299823165957,40.5575655082552,40.448430955063934,40.50299823165957,676992.3076923077,0
2025-11-05 01:00:00,40.46811267514969,40.521868911341855,40.414356438957526,40.46811267514969,676992.3076923077,0
2025-11-05 01:30:00,40.62814431012779,40.66098175263579,40.59530686761978,40.62814431012779,676992.3076923077,0
2025-11-05 02:00:00,40.794452323227276,40.92015982255685,40.668744823897704,40.794452323227276,676992.3076923077,0
2025-11-05 02:30:00,40.63374321641087,40.742182780175625,40.525303652646116,40.63374321641087,676992.3076923077,0
2025-11-05 03:00:00,40.80811607674327,40.81562073645355,40.80061141703298,40.80811607674327,676992.3076923077,0
2025-11-05 03:30:00,40.93578911990201,40.98251954707255,40.889058692731474,40.93578911990201,676992.3076923077,0
2025-11-05 04:00:00,40.91983792117502,40.962496649009395,40.87717919334064,40.91983792117502,676992.3076923077,0
2025-11-05 04:30:00,40.99578396944047,41.035934605287316,40.95563333359362,40.99578396944047,676992.3076923077,0
2025-11-05 05:00:00,41.314899428154206,41.520426294743174,41.10937256156524,41.314899428154206,676992.3076923077,0
2025-11-05 05:30:00,41.252573979720964,41.32233744159876,41.182810517843166,41.252573979720964,676992.3076923077,0
2025-11-05 06:00:00,41.3641567702045,41.47206506628792,41.25624847412109,41.3641567702045,676992.3076923077,0
2025-11-06 00:00:00,40.63223476725122,40.707478229412544,40.556991305089895,40.63223476725122,798500.0,0
2025-11-06 00:30:00,40.34347151306506,40.42288691695415,40.264056109175975,40.34347151306506,798500.0,0
2025-11-06 01:00:00,40.342772357441184,40.39676218606397,40.2887825288184,40.342772357441184,798500.0,0
2025-11-06 01:30:00,40.015169877360066,40.154678140682655,39.875661614037476,40.015169877360066,798500.0,0
2025-11-06 02:00:00,40.00788767432504,40.02057375254691,39.99520159610317,40.00788767432504,798500.0,0
2025-11-06 02:30:00,39.90068477140397,39.91490017839677,39.88646936441116,39.90068477140397,798500.0,0
2025-11-06 03:00:00,39.63066143272972,39.752364976275416,39.50895788918402,39.63066143272972,798500.0,0
2025-11-06 03:30:00,39.67047004073534,39.72267949333101,39.61826058813967,39.67047004073534,798500.0,0
2025-11-06 04:00:00,39.29046775885883,39.48415620000392,39.09677931771374,39.29046775885883,798500.0,0
2025-11-06 04:30:00,38.9702584787008,39.35005181186818,38.59046514553342,38.9702584787008,798500.0,0
2025-11-06 05:00:00,39.21974765081331,39.22354787789419,39.21594742373243,39.21974765081331,798500.0,0
2025-11-06 05:30:00,38.990526650507555,39.081843035596684,38.899210265418425,38.990526650507555,798500.0,0
2025-11-06 06:00:00,38.94623665998774,38.94773864746094,38.94473467251454,38.94623665998774,798500.0,0
2025-11-07 00:00:00,38.08786682011569,38.37300528333126,37.802728356900126,38.08786682011569,847146.1538461539,0
2025-11-07 00:30:00,38.39695996925395,38.60050362489366,38.193416313614236,38.39695996925395,847146.1538461539,0
2025-11-07 01:00:00,39.06953155677255,39.31106114708904,38.828001966456064,39.06953155677255,847146.1538461539,0
2025-11-07 01:30:00,38.77741766164091,39.055500308018466,38.499335015263355,38.77741766164091,847146.1538461539,0
2025-11-07 02:00:00,39.63650388005909,39.99000911053731,39.28299864958087,39.63650388005909,847146.1538461539,0
2025-11-07 02:30:00,39.38046356683116,39.51049699114327,39.25043014251905,39.38046356683116,847146.1538461539,0
2025-11-07 03:00:00,39.68523643074595,39.737995332705665,39.63247752878624,39.68523643074595,847146.1538461539,0
2025-11-07 03:30:00,40.126852842274154,40.28821201028024,39.96549367426807,40.126852842274154,847146.1538461539,0
2025-11-07 04:00:00,40.422363283366316,40.65173455090216,40.19299201583047,40.422363283366316,847146.1538461539,0
2025-11-07 04:30:00,40.337274653739286,40.42049035739287,40.2540589500857,40.337274653739286,847146.1538461539,0
2025-11-07 05:00:00,40.65648072691333,40.664972754871386,40.647988698955274,40.65648072691333,847146.1538461539,0
2025-11-07 05:30:00,41.0448224357414,41.21415783096513,40.875487040517676,41.0448224357414,847146.1538461539,0
2025-11-07 06:00:00,40.84340692353069,41.10298538208008,40.583828464981295,40.84340692353069,847146.1538461539,0
2025-11-10 00:00:00,43.113197811439285,43.121422144188365,43.104973478690205,43.113197811439285,587976.9230769231,0
2025-11-10 00:30:00,43.02663517964851,43.08501747245007,42.96825288684695,43.02663517964851,587976.9230769231,0
2025-11-10 01:00:00,43.202305431241804,43.33954939627367,43.06506146620994,43.202305431241804,587976.9230769231,0
2025-11-10 01:30:00,43.0661572812152,43.08720910246059,43.045105459969804,43.0661572812152,587976.9230769231,0
2025-11-10 02:00:00,43.036589717746,43.048029981762326,43.02514945372967,43.036589717746,587976.9230769231,0
2025-11-10 02:30:00,42.95809872346922,43.00519344748953,42.91100399944891,42.95809872346922,587976.9230769231,0
2025-11-10 03:00:00,42.97322273813661,42.985237441249396,42.96120803502383,42.97322273813661,587976.9230769231,0
2025-11-10 03:30:00,42.92729608259515,42.96528143500927,42.88931073018103,42.92729608259515,587976.9230769231,0
2025-11-10 04:00:00,42.94490844189115,42.94532542876913,42.94449145501317,42.94490844189115,587976.9230769231,0
2025-11-10 04:30:00,42.867469399261175,42.925369422528995,42.809569375993355,42.867469399261175,587976.9230769231,0
2025-11-10 05:00:00,42.68134373495279,42.905413416288866,42.457274053616715,42.68134373495279,587976.9230769231,0
2025-11-10 05:30:00,42.938479182406034,42.99150095476334,42.88545741004873,42.938479182406034,587976.9230769231,0
2025-11-10 06:00:00,42.86253790067496,42.865501403808594,42.85957439754132,42.86253790067496,587976.9230769231,0
2025-11-11 00:00:00,41.65912897345564,41.66814353792378,41.65011440898749,41.65912897345564,512876.92307692306,0
2025-11-11 00:30:00,41.45225457983274,41.55000401041044,41.35450514925504,41.45225457983274,512876.92307692306,0
2025-11-11 01:00:00,41.31100150599395,41.4318644828971,41.1901385290908,41.31100150599395,512876.92307692306,0
2025-11-11 01:30:00,41.191288037979724,41.313724955383755,41.068851120575694,41.191288037979724,512876.92307692306,0
2025-11-11 02:00:00,41.29317246943734,41.39075951100426,41.19558542787041,41.29317246943734,512876.92307692306,0
2025-11-11 02:30:00,41.210198870731276,41.34295184110548,41.07744590035707,41.210198870731276,512876.92307692306,0
2025-11-11 03:00:00,40.91500565131353,40.95930637284373,40.87070492978333,40.91500565131353,512876.92307692306,0
2025-11-11 03:30:00,40.88362205385993,40.92607726238948,40.841166845330385,40.88362205385993,512876.92307692306,0
2025-11-11 04:00:00,40.781205157168955,40.83938299652087,40.72302731781704,40.781205157168955,512876.92307692306,0
2025-11-11 04:30:00,40.5907074584522,40.6048877903037,40.5765271266007,40.5907074584522,512876.92307692306,0
2025-11-11 05:00:00,40.46355752622297,40.48674826279036,40.440366789655585,40.46355752622297,512876.92307692306,0
2025-11-11 05:30:00,40.33369064923073,40.368608735277014,40.29877256318445,40.33369064923073,512876.92307692306,0
2025-11-11 06:00:00,40.30713485669695,40.36380050563022,40.25046920776367,40.30713485669695,512876.92307692306,0
2025-11-12 00:00:00,41.64780125097175,41.81182714849055,41.483775353452955,41.64780125097175,660715.3846153846,0
2025-11-12 00:30:00,41.661601491808156,41.72530425360756,41.59789873000875,41.661601491808156,660715.3846153846,0
2025-11-12 01:00:00,41.450524112152586,41.51707791277822,41.38397031152695,41.450524112152586,660715.3846153846,0
2025-11-12 01:30:00,41.353135425464245,41.53622895788333,41.17004189304516,41.353135425464245,660715.3846153846,0
2025-11-12 02:00:00,40.65809703882487,40.95611347456336,40.36008060308638,40.65809703882487,660715.3846153846,0
2025-11-12 02:30:00,40.66541003907984,40.74218505608156,40.588635022078115,40.66541003907984,660715.3846153846,0
2025-11-12 03:00:00,40.44143393749167,40.52825663759977,40.354611237383565,40.44143393749167,660715.3846153846,0
2025-11-12 03:30:00,40.33407342146769,40.35381862381742,40.31432821911797,40.33407342146769,660715.3846153846,0
2025-11-12 04:00:00,40.13385262290886,40.167305445181555,40.10039980063617,40.13385262290886,660715.3846153846,0
2025-11-12 04:30:00,39.688037603259886,39.88647138215437,39.4896038243654,39.688037603259886,660715.3846153846,0
2025-11-12 05:00:00,39.89061126692884,40.10867957018512,39.67254296367257,39.89061126692884,660715.3846153846,0
2025-11-12 05:30:00,39.70603847306721,39.95346240094364,39.45861454519078,39.70603847306721,660715.3846153846,0
2025-11-12 06:00:00,39.378684420098594,39.51268271348821,39.24468612670898,39.378684420098594,660715.3846153846,0
2025-11-13 00:00:00,39.764706714281274,39.89604854545518,39.63336488310737,39.764706714281274,1129600.0,0
2025-11-13 00:30:00,40.05432512315003,40.495178818097166,39.61347142820289,40.05432512315003,1129600.0,0
2025-11-13 01:00:00,39.281483291769405,39.330894310950605,39.232072272588205,39.281483291769405,1129600.0,0
2025-11-13 01:30:00,39.39881325501454,39.74930931633076,39.04831719369832,39.39881325501454,1129600.0,0
2025-11-13 02:00:00,38.61762585246148,38.76574007644603,38.46951162847693,38.61762585246148,1129600.0,0
2025-11-13 02:30:00,39.25545443565315,40.02774591211256,38.48316295919374,39.25545443565315,1129600.0,0
2025-11-13 03:00:00,38.001864398602955,38.200585841941454,37.803142955264455,38.001864398602955,1129600.0,0
2025-11-13 03:30:00,37.6491000732584,37.918008724689166,37.38019142182764,37.6491000732584,1129600.0,0
2025-11-13 04:00:00,37.52245296034106,37.63543160743688,37.40947431324525,37.52245296034106,1129600.0,0
2025-11-13 04:30:00,36.92127906042378,37.35285449018459,36.489703630662966,36.92127906042378,1129600.0,0
2025-11-13 05:00:00,37.02786429851264,37.0702773729323,36.98545122409298,37.02786429851264,1129600.0,0
2025-11-13 05:30:00,36.597649021446685,36.787700255680015,36.407597787213355,36.597649021446685,1129600.0,0
2025-11-13 06:00:00,36.95313883061229,37.40115452279685,36.50512313842773,36.95313883061229,1129600.0,0
2025-11-14 00:00:00,34.143777488124975,34.43608361362016,33.85147136262979,34.143777488124975,945823.0769230769,0
2025-11-14 00:30:00,34.365866491421585,34.37461908051087,34.3571139023323,34.365866491421585,945823.0769230769,0
2025-11-14 01:00:00,34.18773259322845,34.31315454740157,34.06231063905534,34.18773259322845,945823.0769230769,0
2025-11-14 01:30:00,34.43631939796779,34.620948781643314,34.25169001429227,34.43631939796779,945823.0769230769,0
2025-11-14 02:00:00,34.45343567938311,34.716645877583254,34.19022548118297,34.45343567938311,945823.0769230769,0
2025-11-14 02:30:00,33.97298155146778,34.128760948073676,33.81720215486189,33.97298155146778,945823.0769230769,0
2025-11-14 03:00:00,34.20869264881389,34.3500888826634,34.067296414964375,34.20869264881389,945823.0769230769,0
2025-11-14 03:30:00,33.963725311784096,34.00583188185508,33.92161874171311,33.963725311784096,945823.0769230769,0
2025-11-14 04:00:00,33.93906015096528,33.944367348745786,33.93375295318478,33.93906015096528,945823.0769230769,0
2025-11-14 04:30:00,33.74793993499757,33.882902815636484,33.61297705435865,33.74793993499757,945823.0769230769,0
2025-11-14 05:00:00,33.7491100674235,33.82143828252719,33.67678185231981,33.7491100674235,945823.0769230769,0
2025-11-14 05:30:00,33.52652376098795,33.75997374941789,33.29307377255801,33.52652376098795,945823.0769230769,0
2025-11-14 06:00:00,33.59553957129747,33.698509216308594,33.49256992628635,33.59553957129747,945823.0769230769,0
2025-11-17 00:00:00,33.75374736402506,34.01013738377055,33.49735734427957,33.75374736402506,1328461.5384615385,0
2025-11-17 00:30:00,33.511027962560405,33.6572064593542,33.36484946576661,33.511027962560405,1328461.5384615385,0
2025-11-17 01:00:00,33.381862650980494,33.531383714707346,33.23234158725364,33.381862650980494,1328461.5384615385,0
2025-11-17 01:30:00,33.30153165046555,33.503229592190415,33.09983370874068,33.30153165046555,1328461.5384615385,0
2025-11-17 02:00:00,32.680659959307825,32.96732583022772,32.39399408838793,32.680659959307825,1328461.5384615385,0
2025-11-17 02:30:00,32.83725380795709,32.83968966419942,32.83481795171476,32.83725380795709,1328461.5384615385,0
2025-11-17 03:00:00,33.058881287903,33.4154525026042,32.7023100732018,33.058881287903,1328461.5384615385,0
2025-11-17 03:30:00,32.948148297166384,33.326494399643934,32.56980219468883,32.948148297166384,1328461.5384615385,0
2025-11-17 04:00:00,32.19933006064823,32.43729431617587,31.961365805120586,32.19933006064823,1328461.5384615385,0
2025-11-17 04:30:00,32.547868551279336,32.79095066489576,32.30478643766291,32.547868551279336,1328461.5384615385,0
2025-11-17 05:00:00,32.30826617607319,32.444253792996435,32.172278559149944,32.30826617607319,1328461.5384615385,0
2025-11-17 05:30:00,31.954447483906613,32.039770680636984,31.86912428717624,31.954447483906613,1328461.5384615385,0
2025-11-17 06:00:00,31.759365065722843,31.907262802124023,31.611467329321663,31.759365065722843,1328461.5384615385,0
2025-11-18 00:00:00,31.742292702098307,31.849786730373605,31.63479867382301,31.742292702098307,1176576.923076923,0
2025-11-18 00:30:00,31.954830897128584,32.00000704371369,31.90965475054348,31.954830897128584,1176576.923076923,0
2025-11-18 01:00:00,31.942867389338208,31.969522770713354,31.91621200796306,31.942867389338208,1176576.923076923,0
2025-11-18 01:30:00,31.82810156202488,32.029390790883234,31.626812333166527,31.82810156202488,1176576.923076923,0
2025-11-18 02:00:00,31.78625207000961,32.08925881105311,31.483245328966113,31.78625207000961,1176576.923076923,0
2025-11-18 02:30:00,32.27347837412373,32.397829917024474,32.14912683122298,32.27347837412373,1176576.923076923,0
2025-11-18 03:00:00,32.35035174543845,32.491708639484045,32.20899485139286,32.35035174543845,1176576.923076923,0
2025-11-18 03:30:00,32.20268982728473,32.26886287156273,32.136516783006726,32.20268982728473,1176576.923076923,0
2025-11-18 04:00:00,32.25210672003034,32.328730891732604,32.17548254832808,32.25210672003034,1176576.923076923,0
2025-11-18 04:30:00,32.49444523094288,32.600291549983275,32.388598911902484,32.49444523094288,1176576.923076923,0
2025-11-18 05:00:00,32.53898478052542,32.62950262897848,32.44846693207236,32.53898478052542,1176576.923076923,0
2025-11-18 05:30:00,32.390586538834604,32.50833495224224,32.27283812542697,32.390586538834604,1176576.923076923,0
2025-11-18 06:00:00,32.35300865924144,32.56820297241211,32.13781434607077,32.35300865924144,1176576.923076923,0
2025-11-19 00:00:00,31.41477966622422,31.46829542861354,31.3612639038349,31.41477966622422,1278838.4615384615,0
2025-11-19 00:30:00,31.190469690930648,31.266273121158555,31.11466626070274,31.190469690930648,1278838.4615384615,0
2025-11-19 01:00:00,31.144622382573655,31.171282338482207,31.117962426665102,31.144622382573655,1278838.4615384615,0
2025-11-19 01:30:00,30.785624276859807,31.076291555805863,30.49495699791375,30.785624276859807,1278838.4615384615,0
2025-11-19 02:00:00,31.06909717488825,31.156893576646983,30.981300773129515,31.06909717488825,1278838.4615384615,0
2025-11-19 02:30:00,30.921487980001388,30.956665969549604,30.88630999045317,30.921487980001388,1278838.4615384615,0
2025-11-19 03:00:00,30.821553189890864,30.851787172004904,30.791319207776823,30.821553189890864,1278838.4615384615,0
2025-11-19 03:30:00,30.522366499770122,30.69632842510048,30.348404574439765,30.522366499770122,1278838.4615384615,0
2025-11-19 04:00:00,30.502986647367337,30.601337642424134,30.40463565231054,30.502986647367337,1278838.4615384615,0
2025-11-19 04:30:00,30.358562512421404,30.506346859747786,30.21077816509502,30.358562512421404,1278838.4615384615,0
2025-11-19 05:00:00,30.47783511624548,30.544314155419517,30.411356077071442,30.47783511624548,1278838.4615384615,0
2025-11-19 05:30:00,30.296885826016116,30.316365294395094,30.277406357637137,30.296885826016116,1278838.4615384615,0
2025-11-19 06:00:00,30.267599406195057,30.313824300671364,30.22137451171875,30.267599406195057,1278838.4615384615,0
2025-11-20 00:00:00,31.39650730637234,31.49536926874341,31.297645344001268,31.39650730637234,1689153.8461538462,0
2025-11-20 00:30:00,31.116146174843642,31.214388655802473,31.01790369388481,31.116146174843642,1689153.8461538462,0
2025-11-20 01:00:00,31.226517288835225,31.519626534808918,30.933408042861533,31.226517288835225,1689153.8461538462,0
2025-11-20 01:30:00,30.539774805714888,30.652427429920593,30.427122181509183,30.539774805714888,1689153.8461538462,0
2025-11-20 02:00:00,30.263437117245374,30.371446816979656,30.155427417511092,30.263437117245374,1689153.8461538462,0
2025-11-20 02:30:00,29.77271993000613,30.09046620403872,29.45497365597354,29.77271993000613,1689153.8461538462,0
2025-11-20 03:00:00,29.8975503513456,29.98561511159342,29.80948559109778,29.8975503513456,1689153.8461538462,0
2025-11-20 03:30:00,29.62157435315998,29.714643728163118,29.52850497815684,29.62157435315998,1689153.8461538462,0
2025-11-20 04:00:00,29.061630638893988,29.247524365215902,28.875736912572073,29.061630638893988,1689153.8461538462,0
2025-11-20 04:30:00,29.09071035856783,29.214876964860693,28.966543752274966,29.09071035856783,1689153.8461538462,0
2025-11-20 05:00:00,28.38241660974205,28.685563139334025,28.079270080150078,28.38241660974205,1689153.8461538462,0
2025-11-20 05:30:00,28.499200037328304,28.593817548263523,28.404582526393085,28.499200037328304,1689153.8461538462,0
2025-11-20 06:00:00,28.120197311143443,28.12360191345215,28.116792708834737,28.120197311143443,1689153.8461538462,0
2025-11-21 00:00:00,26.224029299248553,26.341928468524607,26.1061301299725,26.224029299248553,1567030.7692307692,0
2025-11-21 00:30:00,26.542107593402854,26.69359401390644,26.390621172899266,26.542107593402854,1567030.7692307692,0
2025-11-21 01:00:00,26.193208229123762,26.439313877273925,25.9471025809736,26.193208229123762,1567030.7692307692,0
2025-11-21 01:30:00,26.732239697016393,26.976472812384202,26.488006581648584,26.732239697016393,1567030.7692307692,0
2025-11-21 02:00:00,26.60132074952747,26.665942213031702,26.53669928602324,26.60132074952747,1567030.7692307692,0
2025-11-21 02:30:00,26.718685028526135,26.85197806665437,26.5853919903979,26.718685028526135,1567030.7692307692,0
2025-11-21 03:00:00,26.78188789920573,26.929691103638906,26.634084694772557,26.78188789920573,1567030.7692307692,0
2025-11-21 03:30:00,26.53348766110505,26.682777399147216,26.38419792306288,26.53348766110505,1567030.7692307692,0
2025-11-21 04:00:00,26.691107225704158,26.731470103521875,26.65074434788644,26.691107225704158,1567030.7692307692,0
2025-11-21 04:30:00,26.933420812366,27.086678816835466,26.78016280789653,26.933420812366,1567030.7692307692,0
2025-11-21 05:00:00,26.95240910554316,27.075962698815133,26.82885551227119,26.95240910554316,1567030.7692307692,0
2025-11-21 05:30:00,27.036195871983484,27.19484352732112,26.87754821664585,27.036195871983484,1567030.7692307692,0
2025-11-21 06:00:00,27.194690227406735,27.463139533792962,26.926240921020508,27.194690227406735,1567030.7692307692,0
2025-11-24 00:00:00,28.00564000506038,28.232519661310157,27.7787603488106,28.00564000506038,870561.5384615385,0
2025-11-24 00:30:00,28.182677423015036,28.42455167370727,27.940803172322802,28.182677423015036,870561.5384615385,0
2025-11-24 01:00:00,27.7939697630164,28.102845995835004,27.485093530197794,27.7939697630164,870561.5384615385,0
2025-11-24 01:30:00,28.129073105797833,28.264888819347206,27.99325739224846,28.129073105797833,870561.5384615385,0
2025-11-24 02:00:00,28.41858255318196,28.42693164285941,28.410233463504508,28.41858255318196,870561.5384615385,0
2025-11-24 02:30:00,28.803395471811964,29.017816477252314,28.588974466371614,28.803395471811964,870561.5384615385,0
2025-11-24 03:00:00,29.02263680779281,29.294256325701806,28.751017289883816,29.02263680779281,870561.5384615385,0
2025-11-24 03:30:00,29.052713104537506,29.192366095678995,28.913060113396018,29.052713104537506,870561.5384615385,0
2025-11-24 04:00:00,28.962624108013674,29.07510293690822,28.85014527911913,28.962624108013674,870561.5384615385,0
2025-11-24 04:30:00,29.142991435993988,29.237145760420425,29.04883711156755,29.142991435993988,870561.5384615385,0
2025-11-24 05:00:00,29.592936147172725,29.786683710412824,29.399188583932627,29.592936147172725,870561.5384615385,0
2025-11-24 05:30:00,29.582305992309347,29.603380577173866,29.56123140744483,29.582305992309347,870561.5384615385,0
2025-11-24 06:00:00,29.59419666056478,29.72327423095703,29.46511909017253,29.59419666056478,870561.5384615385,0
2025-11-25 00:00:00,28.55135895765205,28.668451614335748,28.43426630096835,28.55135895765205,606707.6923076923,0
2025-11-25 00:30:00,28.381414783233698,28.447276705809124,28.315552860658272,28.381414783233698,606707.6923076923,0
2025-11-25 01:00:00,28.380549483563165,28.460287110649894,28.300811856476436,28.380549483563165,606707.6923076923,0
2025-11-25 01:30:00,28.503451574174374,28.53360563285808,28.473297515490668,28.503451574174374,606707.6923076923,0
2025-11-25 02:00:00,28.438751593754983,28.486307920331438,28.391195267178528,28.438751593754983,606707.6923076923,0
2025-11-25 02:30:00,28.512820408240202,28.526322491308193,28.49931832517221,28.512820408240202,606707.6923076923,0
2025-11-25 03:00:00,28.677176560339788,28.842024390666595,28.51232873001298,28.677176560339788,606707.6923076923,0
2025-11-25 03:30:00,28.442082230973778,28.525339134853755,28.3588253270938,28.442082230973778,606707.6923076923,0
2025-11-25 04:00:00,28.63865334357732,28.738957147460113,28.53834953969453,28.63865334357732,606707.6923076923,0
2025-11-25 04:30:00,28.634804945191874,28.71824994584845,28.5513599445353,28.634804945191874,606707.6923076923,0
2025-11-25 05:00:00,28.697877513104302,28.83138467683253,28.564370349376073,28.697877513104302,606707.6923076923,0
2025-11-25 05:30:00,28.644346263259987,28.71131177230313,28.577380754216843,28.644346263259987,606707.6923076923,0
2025-11-25 06:00:00,28.732118819930946,28.873846480804275,28.590391159057617,28.732118819930946,606707.6923076923,0
2025-11-26 00:00:00,28.821737504066256,29.111630440319647,28.531844567812865,28.821737504066256,789169.2307692308,0
2025-11-26 00:30:00,28.68687477866372,28.69797721266443,28.675772344663013,28.68687477866372,789169.2307692308,0
2025-11-26 01:00:00,28.834808186907466,28.84991625230177,28.81970012151316,28.834808186907466,789169.2307692308,0
2025-11-26 01:30:00,29.047486755896937,29.131345613430565,28.96362789836331,29.047486755896937,789169.2307692308,0
2025-11-26 02:00:00,29.179105333550048,29.250654991886638,29.107555675213458,29.179105333550048,789169.2307692308,0
2025-11-26 02:30:00,29.196177362686722,29.251483452063606,29.140871273309838,29.196177362686722,789169.2307692308,0
2025-11-26 03:00:00,29.490891267166255,29.58637130541875,29.39541122891376,29.490891267166255,789169.2307692308,0
2025-11-26 03:30:00,29.623098132296207,29.706857258828506,29.539339005763907,29.623098132296207,789169.2307692308,0
2025-11-26 04:00:00,29.51017931587628,29.683266782614055,29.337091849138503,29.51017931587628,789169.2307692308,0
2025-11-26 04:30:00,29.82603245106108,29.827194559464203,29.82487034265796,29.82603245106108,789169.2307692308,0
2025-11-26 05:00:00,30.09897097888242,30.22681962145049,29.97112233631435,30.09897097888242,789169.2307692308,0
2025-11-26 05:30:00,30.100493278117906,30.1150501131645,30.08593644307131,30.100493278117906,789169.2307692308,0
2025-11-26 06:00:00,30.085495200982702,30.25897789001465,29.912012511950756,30.085495200982702,789169.2307692308,0
2025-11-28 00:00:00,32.40178464412568,32.4076305437411,32.395938744510254,32.40178464412568,675900.0,0
2025-11-28 00:30:00,32.33719521451808,32.41180856288313,32.262581866153035,32.33719521451808,675900.0,0
2025-11-28 01:00:00,32.34116747013128,32.55310995246675,32.129224987795816,32.34116747013128,675900.0,0
2025-11-28 01:30:00,32.01343174341778,32.03099537739696,31.995868109438604,32.01343174341778,675900.0,0
2025-11-28 02:00:00,32.00914409491845,32.15577695875551,31.862511231081385,32.00914409491845,675900.0,0
2025-11-28 02:30:00,31.61041385986872,31.729154352724162,31.49167336701328,31.61041385986872,675900.0,0
2025-11-28 03:00:00,31.722476547222794,31.84915562007864,31.595797474366947,31.722476547222794,675900.0,0
2025-11-28 03:30:00,31.494108378979497,31.525776161949267,31.462440596009728,31.494108378979497,675900.0,0
2025-11-28 04:00:00,31.385561077334227,31.442038437015945,31.32908371765251,31.385561077334227,675900.0,0
2025-11-28 04:30:00,31.33978472350633,31.48384260771737,31.19572683929529,31.33978472350633,675900.0,0
2025-11-28 05:00:00,31.12122422193842,31.180078482938768,31.06236996093807,31.12122422193842,675900.0,0
2025-11-28 05:30:00,30.821026518005148,30.929013082580855,30.71303995342944,30.821026518005148,675900.0,0
2025-11-28 06:00:00,30.781850084106004,30.795656204223636,30.768043963988372,30.781850084106004,675900.0,0
2025-12-01 00:00:00,27.73643515021459,27.75092527313921,27.72194502728997,27.73643515021459,1309469.2307692308,0
2025-12-01 00:30:00,27.6920648507564,27.699589547509362,27.684540154003436,27.6920648507564,1309469.2307692308,0
2025-12-01 01:00:00,27.707880490088215,27.768625699459527,27.647135280716903,27.707880490088215,1309469.2307692308,0
2025-12-01 01:30:00,27.52586069621222,27.609730407430366,27.441990984994074,27.52586069621222,1309469.2307692308,0
2025-12-01 02:00:00,27.546968090906716,27.572325534143832,27.5216106476696,27.546968090906716,1309469.2307692308,0
2025-12-01 02:30:00,27.610870695417624,27.68682072997795,27.5349206608573,27.610870695417624,1309469.2307692308,0
2025-12-01 03:00:00,27.389015207034163,27.497515787570762,27.280514626497563,27.389015207034163,1309469.2307692308,0
2025-12-01 03:30:00,27.34891785608993,27.46011091428423,27.23772479789563,27.34891785608993,1309469.2307692308,0
2025-12-01 04:00:00,27.389173953339792,27.422706040997696,27.35564186568189,27.389173953339792,1309469.2307692308,0
2025-12-01 04:30:00,27.353587504759172,27.385301167711162,27.321873841807182,27.353587504759172,1309469.2307692308,0
2025-12-01 05:00:00,27.162036896018964,27.34789629442463,26.9761774976133,27.162036896018964,1309469.2307692308,0
2025-12-01 05:30:00,27.192770970461783,27.310491421138092,27.075050519785474,27.192770970461783,1309469.2307692308,0
2025-12-01 06:00:00,27.335584291715666,27.398082035579773,27.27308654785156,27.335584291715666,1309469.2307692308,0
2025-12-02 00:00:00,29.18599061502348,29.224650022921185,29.147331207125777,29.18599061502348,1071253.8461538462,0
2025-12-02 00:30:00,29.332393134579604,29.348248866938007,29.3165374022212,29.332393134579604,1071253.8461538462,0
2025-12-02 01:00:00,29.468280755480905,29.47184771095483,29.46471380000698,29.468280755480905,1071253.8461538462,0
2025-12-02 01:30:00,29.702825447399096,29.81020433982654,29.59544655497165,29.702825447399096,1071253.8461538462,0
2025-12-02 02:00:00,29.681798939501427,29.719045398988474,29.64455248001438,29.681798939501427,1071253.8461538462,0
2025-12-02 02:30:00,29.92186822286513,30.001092202724962,29.842644243005296,29.92186822286513,1071253.8461538462,0
2025-12-02 03:00:00,29.98970949454259,30.013175902063068,29.966243087022114,29.98970949454259,1071253.8461538462,0
2025-12-02 03:30:00,30.08998450286041,30.090127074681885,30.089841931038936,30.08998450286041,1071253.8461538462,0
2025-12-02 04:00:00,30.24600582658623,30.278570878116703,30.21344077505576,30.24600582658623,1071253.8461538462,0
2025-12-02 04:30:00,30.390269121728057,30.443498624383533,30.33703961907258,30.390269121728057,1071253.8461538462,0
2025-12-02 05:00:00,30.57208796016115,30.683537457232894,30.460638463089403,30.57208796016115,1071253.8461538462,0
2025-12-02 05:30:00,30.607220230604092,30.63020315410196,30.584237307106225,30.607220230604092,1071253.8461538462,0
2025-12-02 06:00:00,30.499878174276464,30.707836151123047,30.29192019742988,30.499878174276464,1071253.8461538462,0
2025-12-03 00:00:00,31.819677851241853,31.91671028226328,31.722645420220424,31.819677851241853,983807.6923076923,0
2025-12-03 00:30:00,31.676057635735233,31.746226873849515,31.60588839762095,31.676057635735233,983807.6923076923,0
2025-12-03 01:00:00,31.806721312996064,31.84363429851352,31.769808327478607,31.806721312996064,983807.6923076923,0
2025-12-03 01:30:00,31.759547372362643,31.7933897811077,31.725704963617588,31.759547372362643,983807.6923076923,0
2025-12-03 02:00:00,31.665660846826928,31.816971234736794,31.51435045891706,31.665660846826928,983807.6923076923,0
2025-12-03 02:30:00,31.876443183987732,31.912333679609578,31.840552688365886,31.876443183987732,983807.6923076923,0
2025-12-03 03:00:00,31.826556070165037,31.864134141994978,31.788977998335096,31.826556070165037,983807.6923076923,0
2025-12-03 03:30:00,31.950810132663626,32.01390466970318,31.88771559562407,31.950810132663626,983807.6923076923,0
2025-12-03 04:00:00,31.907655468025965,31.91129704925316,31.90401388679877,31.907655468025965,983807.6923076923,0
2025-12-03 04:30:00,31.955476068622925,31.976073634363594,31.934878502882256,31.955476068622925,983807.6923076923,0
2025-12-03 05:00:00,31.911112511598635,31.958459956511348,31.86376506668592,31.911112511598635,983807.6923076923,0
2025-12-03 05:30:00,31.94631952407631,31.98204141014044,31.910597638012177,31.94631952407631,983807.6923076923,0
2025-12-03 06:00:00,31.897646691895297,32.00562286376953,31.789670520021062,31.897646691895297,983807.6923076923,0
2025-12-04 00:00:00,31.97530844399122,32.04256910044524,31.9080477875372,31.97530844399122,778507.6923076923,0
2025-12-04 00:30:00,31.9633666146577,32.03738787861195,31.88934535070345,31.9633666146577,778507.6923076923,0
2025-12-04 01:00:00,31.808308728634753,31.870642913869705,31.7459745433998,31.808308728634753,778507.6923076923,0
2025-12-04 01:30:00,31.99096585836865,32.12999123970134,31.851940477035956,31.99096585836865,778507.6923076923,0
2025-12-04 02:00:00,31.853143244032747,31.873048447863287,31.833238040202207,31.853143244032747,778507.6923076923,0
2025-12-04 02:30:00,31.856615857923526,31.89869611247859,31.814535603368462,31.856615857923526,778507.6923076923,0
2025-12-04 03:00:00,31.7196026365082,31.795833166534713,31.643372106481685,31.7196026365082,778507.6923076923,0
2025-12-04 03:30:00,31.629169750379305,31.777130729700964,31.481208771057645,31.629169750379305,778507.6923076923,0
2025-12-04 04:00:00,31.672978502506783,31.75842829286722,31.587528712146348,31.672978502506783,778507.6923076923,0
2025-12-04 04:30:00,31.859112186497793,31.978498516962116,31.73972585603347,31.859112186497793,778507.6923076923,0
2025-12-04 05:00:00,31.767850626035045,31.81467783287037,31.72102341919972,31.767850626035045,778507.6923076923,0
2025-12-04 05:30:00,31.75677556936741,31.811230156368843,31.702320982365976,31.75677556936741,778507.6923076923,0
2025-12-04 06:00:00,31.66945830822512,31.683618545532227,31.655298070918015,31.66945830822512,778507.6923076923,0
2025-12-05 00:00:00,30.29632735645072,30.343435181046132,30.24921953185531,30.29632735645072,964446.1538461539,0
2025-12-05 00:30:00,30.237900205204557,30.287567208255126,30.188233202153988,30.237900205204557,964446.1538461539,0
2025-12-05 01:00:00,30.035120512319207,30.127246872452666,29.942994152185747,30.035120512319207,964446.1538461539,0
2025-12-05 01:30:00,30.06406141743112,30.066260542751344,30.061862292110895,30.06406141743112,964446.1538461539,0
2025-12-05 02:00:00,29.95512992062428,30.005274213050026,29.904985628198535,29.95512992062428,964446.1538461539,0
2025-12-05 02:30:00,29.905153118116495,29.944287883348704,29.866018352884286,29.905153118116495,964446.1538461539,0
2025-12-05 03:00:00,29.838940208247763,29.88330155364738,29.794578862848144,29.838940208247763,964446.1538461539,0
2025-12-05 03:30:00,30.06155164775147,30.300788071556884,29.82231522394606,30.06155164775147,964446.1538461539,0
2025-12-05 04:00:00,29.703601906904485,29.761328894244738,29.645874919564232,29.703601906904485,964446.1538461539,0
2025-12-05 04:30:00,29.81781393583185,29.93528530712028,29.70034256454342,29.81781393583185,964446.1538461539,0
2025-12-05 05:00:00,29.54329726311135,29.639356234842097,29.4472382913806,29.54329726311135,964446.1538461539,0
2025-12-05 05:30:00,29.612813842454464,29.647257779768154,29.578369905140775,29.612813842454464,964446.1538461539,0
2025-12-05 06:00:00,29.52411383127753,29.530844087115604,29.517383575439453,29.52411383127753,964446.1538461539,0
2025-12-08 00:00:00,30.826447842074845,30.85723954174006,30.79565614240963,30.826447842074845,569500.0,0
2025-12-08 00:30:00,30.797289140762427,30.831448150199407,30.763130131325447,30.797289140762427,569500.0,0
2025-12-08 01:00:00,30.67436064699148,30.73060412024126,30.6181171737417,30.67436064699148,569500.0,0
2025-12-08 01:30:00,30.693806138912098,30.698078109157073,30.689534168667123,30.693806138912098,569500.0,0
2025-12-08 02:00:00,30.63127723235532,30.66555209807289,30.59700236663775,30.63127723235532,569500.0,0
2025-12-08 02:30:00,30.730303049121453,30.8275800112542,30.633026086988707,30.730303049121453,569500.0,0
2025-12-08 03:00:00,30.546302022661468,30.60050007590452,30.492103969418416,30.546302022661468,569500.0,0
2025-12-08 03:30:00,30.502781782493766,30.567974064820334,30.4375895001672,30.502781782493766,569500.0,0
2025-12-08 04:00:00,30.580174815005595,30.62490157627504,30.53544805373615,30.580174815005595,569500.0,0
2025-12-08 04:30:00,30.404582803839883,30.502922042651967,30.3062435650278,30.404582803839883,569500.0,0
2025-12-08 05:00:00,30.49072940006489,30.511062768562,30.47039603156778,30.49072940006489,569500.0,0
2025-12-08 05:30:00,30.409091337853262,30.437870020483594,30.38031265522293,30.409091337853262,569500.0,0
2025-12-08 06:00:00,30.30925662103924,30.40534400939941,30.213169232679068,30.30925662103924,569500.0,0
2025-12-09 00:00:00,30.073456371948303,30.102606445762603,30.044306298134003,30.073456371948303,884184.6153846154,0
2025-12-09 00:30:00,30.182386324181724,30.203683831659458,30.16108881670399,30.182386324181724,884184.6153846154,0
2025-12-09 01:00:00,30.286588084621727,30.36306136518491,30.21011480405854,30.286588084621727,884184.6153846154,0
2025-12-09 01:30:00,30.682104815952876,30.841770733195386,30.522438898710366,30.682104815952876,884184.6153846154,0
2025-12-09 02:00:00,30.841182462114748,31.000548491993676,30.68181643223582,30.841182462114748,884184.6153846154,0
2025-12-09 02:30:00,30.935395270865616,31.029596575969958,30.841193965761274,30.935395270865616,884184.6153846154,0
2025-12-09 03:00:00,30.945989484106217,31.00057149928673,30.891407468925706,30.945989484106217,884184.6153846154,0
2025-12-09 03:30:00,30.85324442363418,31.159949032812182,30.546539814456178,30.85324442363418,884184.6153846154,0
2025-12-09 04:00:00,31.266210591922754,31.319326566337637,31.21309461750787,31.266210591922754,884184.6153846154,0
2025-12-09 04:30:00,31.361097411034,31.47870409986309,31.243490722204907,31.361097411034,884184.6153846154,0
2025-12-09 05:00:00,31.64110210875562,31.644122584122698,31.638081633388545,31.64110210875562,884184.6153846154,0
2025-12-09 05:30:00,32.0264162712021,32.25537337549021,31.797459166913995,32.0264162712021,884184.6153846154,0
2025-12-09 06:00:00,31.95489791093433,31.956836700439453,31.95295912142921,31.95489791093433,884184.6153846154,0
2025-12-10 00:00:00,31.200935042411373,31.25493186932165,31.1469382155011,31.200935042411373,990976.9230769231,0
2025-12-10 00:30:00,31.114467729633517,31.181903580731557,31.047031878535478,31.114467729633517,990976.9230769231,0
2025-12-10 01:00:00,31.35713145317087,31.49739396037972,31.216868945962016,31.35713145317087,990976.9230769231,0
2025-12-10 01:30:00,31.251750331971103,31.251834311192475,31.25166635274973,31.251750331971103,990976.9230769231,0
2025-12-10 02:00:00,31.290894656213442,31.29498963600395,31.286799676422934,31.290894656213442,990976.9230769231,0
2025-12-10 02:30:00,31.302001179077756,31.321765041653393,31.28223731650212,31.302001179077756,990976.9230769231,0
2025-12-10 03:00:00,31.297647745170146,31.356730406883848,31.238565083456443,31.297647745170146,990976.9230769231,0
2025-12-10 03:30:00,31.452023982641315,31.512352193168322,31.391695772114307,31.452023982641315,990976.9230769231,0
2025-12-10 04:00:00,31.36354120995335,31.426661137344766,31.300421282561935,31.36354120995335,990976.9230769231,0
2025-12-10 04:30:00,31.423027194460126,31.461626502575225,31.384427886345026,31.423027194460126,990976.9230769231,0
2025-12-10 05:00:00,31.35184795066381,31.496591867805684,31.207104033521937,31.35184795066381,990976.9230769231,0
2025-12-10 05:30:00,31.757946911566837,31.98433659009753,31.531557233036143,31.757946911566837,990976.9230769231,0
2025-12-10 06:00:00,31.515329359683125,31.5665225982666,31.46413612109965,31.515329359683125,990976.9230769231,0
2025-12-11 00:00:00,29.92632732342103,29.94672827831105,29.905926368531013,29.92632732342103,905992.3076923077,0
2025-12-11 00:30:00,29.99422704465787,30.03780111175705,29.950652977558686,29.99422704465787,905992.3076923077,0
2025-12-11 01:00:00,30.104926360917986,30.128873945203054,30.080978776632918,30.104926360917986,905992.3076923077,0
2025-12-11 01:30:00,30.14877657730313,30.21994677864906,30.077606375957203,30.14877657730313,905992.3076923077,0
2025-12-11 02:00:00,30.292101136911253,30.311019612095063,30.273182661727443,30.292101136911253,905992.3076923077,0
2025-12-11 02:30:00,30.482203453314824,30.562314461088583,30.402092445541065,30.482203453314824,905992.3076923077,0
2025-12-11 03:00:00,30.577366928189605,30.66156857739214,30.49316527898707,30.577366928189605,905992.3076923077,0
2025-12-11 03:30:00,30.487144285175894,30.584238112433074,30.390050457918715,30.487144285175894,905992.3076923077,0
2025-12-11 04:00:00,30.659226178176212,30.675310945879076,30.643141410473348,30.659226178176212,905992.3076923077,0
2025-12-11 04:30:00,30.68096661698848,30.76638377932508,30.595549454651884,30.68096661698848,905992.3076923077,0
2025-12-11 05:00:00,30.671562970707015,30.85745661277108,30.48566932864295,30.671562970707015,905992.3076923077,0
2025-12-11 05:30:00,30.84392320971566,30.948529446217087,30.73931697321423,30.84392320971566,905992.3076923077,0
2025-12-11 06:00:00,31.00608439288871,31.03960227966309,30.97256650611433,31.00608439288871,905992.3076923077,0
2025-12-12 00:00:00,31.296223116948816,31.30889749479233,31.283548739105303,31.296223116948816,602100.0,0
2025-12-12 00:30:00,31.529760999885397,31.884935669578155,31.17458633019264,31.529760999885397,602100.0,0
2025-12-12 01:00:00,31.119479479490906,31.17333503770184,31.065623921279972,31.119479479490906,602100.0,0
2025-12-12 01:30:00,30.96390795685158,30.97115440133585,30.956661512367308,30.96390795685158,602100.0,0
2025-12-12 02:00:00,30.759263480673024,30.84769910345464,30.670827857891407,30.759263480673024,602100.0,0
2025-12-12 02:30:00,30.7315426192012,30.738736694541977,30.724348543860422,30.7315426192012,602100.0,0
2025-12-12 03:00:00,30.593154569496456,30.62977428562931,30.5565348533636,30.593154569496456,602100.0,0
2025-12-12 03:30:00,30.618286886589573,30.7157618964625,30.520811876716646,30.618286886589573,602100.0,0
2025-12-12 04:00:00,30.73724014346575,31.06263081912752,30.411849467803982,30.73724014346575,602100.0,0
2025-12-12 04:30:00,30.460542861773494,30.618198664655672,30.302887058891315,30.460542861773494,602100.0,0
2025-12-12 05:00:00,29.997060180649886,30.19392464997865,29.80019571132112,29.997060180649886,602100.0,0
2025-12-12 05:30:00,30.17554296985662,30.26612369864726,30.084962241065984,30.17554296985662,602100.0,0
2025-12-12 06:00:00,30.010812164312828,30.045624496472335,29.97599983215332,30.010812164312828,602100.0,0
2025-12-15 00:00:00,29.02848535862411,29.43000030517578,28.62697041207244,29.02848535862411,1056461.5384615385,0
2025-12-15 00:30:00,29.053955833154077,29.223333676656086,28.88457798965207,29.053955833154077,1056461.5384615385,0
2025-12-15 01:00:00,28.922588329478213,29.016667048136394,28.82850961082003,28.922588329478213,1056461.5384615385,0
2025-12-15 01:30:00,29.102021744889228,29.394043070161757,28.8100004196167,29.102021744889228,1056461.5384615385,0
2025-12-15 02:00:00,28.793585682138986,28.983837573180967,28.603333791097004,28.793585682138986,1056461.5384615385,0
2025-12-15 02:30:00,28.644283173089246,28.89189918360118,28.396667162577312,28.644283173089246,1056461.5384615385,0
2025-12-15 03:00:00,28.278986909886747,28.367973285715877,28.190000534057617,28.278986909886747,1056461.5384615385,0
2025-12-15 03:30:00,27.942818609724746,27.983333905537922,27.90230331391157,27.942818609724746,1056461.5384615385,0
2025-12-15 04:00:00,27.714831671523967,27.77666727701823,27.652996066029704,27.714831671523967,1056461.5384615385,0
2025-12-15 04:30:00,27.35973098391367,27.570000648498535,27.149461319328807,27.35973098391367,1056461.5384615385,0
2025-12-15 05:00:00,27.246553720049114,27.36333401997884,27.12977342011939,27.246553720049114,1056461.5384615385,0
2025-12-15 05:30:00,26.940527710501872,27.15666739145915,26.724388029544595,26.940527710501872,1056461.5384615385,0
2025-12-15 06:00:00,26.832807461815808,26.950000762939453,26.715614160692162,26.832807461815808,1056461.5384615385,0
2025-12-16 00:00:00,27.618279300712242,27.636558219954757,27.600000381469727,27.618279300712242,615215.3846153846,0
2025-12-16 00:30:00,27.654160217842293,27.67082014958229,27.637500286102295,27.654160217842293,615215.3846153846,0
2025-12-16 01:00:00,27.63004173441037,27.675000190734863,27.585083278085875,27.63004173441037,615215.3846153846,0
2025-12-16 01:30:00,27.665115518378137,27.71250009536743,27.617730941388842,27.665115518378137,615215.3846153846,0
2025-12-16 02:00:00,27.80302574332305,27.856051486646102,27.75,27.80302574332305,615215.3846153846,0
2025-12-16 02:30:00,27.7448481079514,27.78749990463257,27.702196311270235,27.7448481079514,615215.3846153846,0
2025-12-16 03:00:00,27.853915767714515,27.882831726163893,27.824999809265137,27.853915767714515,615215.3846153846,0
2025-12-16 03:30:00,27.903706258046796,27.944912802195887,27.862499713897705,27.903706258046796,615215.3846153846,0
2025-12-16 04:00:00,27.81458729443661,27.899999618530273,27.729174970342946,27.81458729443661,615215.3846153846,0
2025-12-16 04:30:00,28.031267777199215,28.125036031235588,27.937499523162842,28.031267777199215,615215.3846153846,0
2025-12-16 05:00:00,27.949023445414248,27.97499942779541,27.923047463033086,27.949023445414248,615215.3846153846,0
2025-12-16 05:30:00,27.992384641222717,28.01249933242798,27.972269950017456,27.992384641222717,615215.3846153846,0
2025-12-16 06:00:00,28.038201573103475,28.049999237060547,28.026403909146403,28.038201573103475,615215.3846153846,0
2025-12-17 00:00:00,28.051655733402143,28.11000061035156,27.993310856452727,28.051655733402143,1108623.076923077,0
2025-12-17 00:30:00,28.152498861787723,28.290830573713798,28.01416714986165,28.152498861787723,1108623.076923077,0
2025-12-17 01:00:00,27.819807597738052,27.918333689371742,27.72128150610436,27.819807597738052,1108623.076923077,0
2025-12-17 01:30:00,27.992703679031454,28.162907129181075,27.822500228881832,27.992703679031454,1108623.076923077,0
2025-12-17 02:00:00,27.773338384290476,27.820010000189026,27.726666768391926,27.773338384290476,1108623.076923077,0
2025-12-17 02:30:00,27.826720560906978,28.02260781391194,27.630833307902016,27.826720560906978,1108623.076923077,0
2025-12-17 03:00:00,27.42734714998853,27.53499984741211,27.319694452564953,27.42734714998853,1108623.076923077,0
2025-12-17 03:30:00,27.372173127646416,27.4391663869222,27.305179868370633,27.372173127646416,1108623.076923077,0
2025-12-17 04:00:00,27.189359671548697,27.34333292643229,27.035386416665105,27.189359671548697,1108623.076923077,0
2025-12-17 04:30:00,27.110105470971646,27.247499465942383,26.97271147600091,27.110105470971646,1108623.076923077,0
2025-12-17 05:00:00,27.031225724334238,27.151666005452473,26.910785443216003,27.031225724334238,1108623.076923077,0
2025-12-17 05:30:00,26.904032034992767,27.055832544962566,26.752231525022967,26.904032034992767,1108623.076923077,0
2025-12-17 06:00:00,26.9539974362134,26.959999084472656,26.94799578795414,26.9539974362134,1108623.076923077,0
2025-12-18 00:00:00,28.691535034093388,28.863069610423103,28.520000457763672,28.691535034093388,1228369.2307692308,0
2025-12-18 00:30:00,28.265570304652663,28.318333784739178,28.212806824566147,28.265570304652663,1228369.2307692308,0
2025-12-18 01:00:00,28.337608906511896,28.558550701309112,28.11666711171468,28.337608906511896,1228369.2307692308,0
2025-12-18 01:30:00,28.01314686398481,28.111293289279438,27.915000438690186,28.01314686398481,1228369.2307692308,0
2025-12-18 02:00:00,27.535156100259783,27.71333376566569,27.356978434853875,27.535156100259783,1228369.2307692308,0
2025-12-18 02:30:00,27.766398208490635,28.021129324340077,27.511667092641193,27.766398208490635,1228369.2307692308,0
2025-12-18 03:00:00,27.235935030261384,27.3100004196167,27.16186964090607,27.235935030261384,1228369.2307692308,0
2025-12-18 03:30:00,26.93331284208937,27.108333746592205,26.758291937586538,26.93331284208937,1228369.2307692308,0
2025-12-18 04:00:00,27.019302592286635,27.131938111005564,26.906667073567707,27.019302592286635,1228369.2307692308,0
2025-12-18 04:30:00,26.788213210422377,26.87142602030154,26.705000400543213,26.788213210422377,1228369.2307692308,0
2025-12-18 05:00:00,26.352126783340797,26.50333372751872,26.200919839162875,26.352126783340797,1228369.2307692308,0
2025-12-18 05:30:00,26.202869179120636,26.30166705449422,26.10407130374705,26.202869179120636,1228369.2307692308,0
2025-12-18 06:00:00,26.366172011628144,26.632343641786562,26.100000381469727,26.366172011628144,1228369.2307692308,0
2025-12-19 00:00:00,28.397214707311445,28.584430330150234,28.209999084472656,28.397214707311445,889369.2307692308,0
2025-12-19 00:30:00,28.32491379347202,28.440661695932487,28.209165891011555,28.32491379347202,889369.2307692308,0
2025-12-19 01:00:00,28.240497878865934,28.27266306018141,28.208332697550457,28.240497878865934,889369.2307692308,0
2025-12-19 01:30:00,28.20993802926927,28.212376554449186,28.207499504089355,28.20993802926927,889369.2307692308,0
2025-12-19 02:00:00,28.11950373039011,28.206666310628254,28.032341150151968,28.11950373039011,889369.2307692308,0
2025-12-19 02:30:00,28.134189006425444,28.205833117167156,28.062544895683732,28.134189006425444,889369.2307692308,0
2025-12-19 03:00:00,28.264410214243842,28.32382050478163,28.204999923706055,28.264410214243842,889369.2307692308,0
2025-12-19 03:30:00,28.10842411625185,28.204166730244953,28.012681502258747,28.10842411625185,889369.2307692308,0
2025-12-19 04:00:00,28.24465380078058,28.285974064777303,28.203333536783855,28.24465380078058,889369.2307692308,0
2025-12-19 04:30:00,28.216476814222492,28.23045328512223,28.202500343322754,28.216476814222492,889369.2307692308,0
2025-12-19 05:00:00,28.142134407837442,28.201667149861652,28.082601665813232,28.142134407837442,889369.2307692308,0
2025-12-19 05:30:00,28.14394592658931,28.200833956400555,28.087057896778067,28.14394592658931,889369.2307692308,0
2025-12-19 06:00:00,28.30856499408772,28.41712922523599,28.200000762939453,28.30856499408772,889369.2307692308,0
2025-12-22 00:00:00,29.402689835210953,29.459999084472656,29.34538058594925,29.402689835210953,743323.0769230769,0
2025-12-22 00:30:00,29.32871030822813,29.367499192555744,29.289921423900513,29.32871030822813,743323.0769230769,0
2025-12-22 01:00:00,29.2067911531247,29.274999300638836,29.138583005610567,29.2067911531247,743323.0769230769,0
2025-12-22 01:30:00,29.18576969288964,29.189039977057355,29.182499408721924,29.18576969288964,743323.0769230769,0
2025-12-22 02:00:00,28.88501900194287,29.089999516805012,28.680038487080726,28.88501900194287,743323.0769230769,0
2025-12-22 02:30:00,29.148714871797093,29.299930118706083,28.997499624888103,29.148714871797093,743323.0769230769,0
2025-12-22 03:00:00,28.82310572109331,28.90499973297119,28.741211709215428,28.82310572109331,743323.0769230769,0
2025-12-22 03:30:00,28.757718406459507,28.81249984105428,28.702936971864734,28.757718406459507,743323.0769230769,0
2025-12-22 04:00:00,28.620035000157905,28.71999994913737,28.52007005117844,28.620035000157905,743323.0769230769,0
2025-12-22 04:30:00,28.57026636292233,28.62750005722046,28.5130326686242,28.57026636292233,743323.0769230769,0
2025-12-22 05:00:00,28.460353508827634,28.535000165303547,28.38570685235172,28.460353508827634,743323.0769230769,0
2025-12-22 05:30:00,28.299379114872227,28.44250027338664,28.156257956357816,28.299379114872227,743323.0769230769,0
2025-12-22 06:00:00,28.327599896685108,28.350000381469727,28.30519941190049,28.327599896685108,743323.0769230769,0
2025-12-23 00:00:00,27.83897325341079,27.8700008392334,27.80794566758818,27.83897325341079,445823.07692307694,0
2025-12-23 00:30:00,27.94345209878451,28.01190340284042,27.875000794728596,27.94345209878451,445823.07692307694,0
2025-12-23 01:00:00,27.959866441019976,28.039732131816155,27.880000750223797,27.959866441019976,445823.07692307694,0
2025-12-23 01:30:00,27.937657302118126,27.990313898517257,27.885000705718994,27.937657302118126,445823.07692307694,0
2025-12-23 02:00:00,27.74797855821535,27.89000066121419,27.60595645521651,27.74797855821535,445823.07692307694,0
2025-12-23 02:30:00,27.86388411908533,27.895000616709392,27.83276762146127,27.86388411908533,445823.07692307694,0
2025-12-23 03:00:00,27.827818607600733,27.90000057220459,27.755636642996876,27.827818607600733,445823.07692307694,0
2025-12-23 03:30:00,28.01833794438148,28.13167536106317,27.905000527699787,28.01833794438148,445823.07692307694,0
2025-12-23 04:00:00,27.818188016172403,27.910000483194988,27.726375549149818,27.818188016172403,445823.07692307694,0
2025-12-23 04:30:00,27.884059947005927,27.915000438690186,27.853119455321668,27.884059947005927,445823.07692307694,0
2025-12-23 05:00:00,27.882881228138903,27.920000394185383,27.845762062092422,27.882881228138903,445823.07692307694,0
2025-12-23 05:30:00,27.899017416690565,27.925000349680584,27.873034483700547,27.899017416690565,445823.07692307694,0
2025-12-23 06:00:00,27.904376229632764,27.93000030517578,27.878752154089746,27.904376229632764,445823.07692307694,0
2025-12-24 00:00:00,27.55031518681705,27.600000381469727,27.50062999216437,27.55031518681705,328046.1538461539,0
2025-12-24 00:30:00,27.587620770764662,27.605833689371746,27.56940785215758,27.587620770764662,328046.1538461539,0
2025-12-24 01:00:00,27.63334268341003,27.6550183695463,27.611666997273762,27.63334268341003,328046.1538461539,0
2025-12-24 01:30:00,27.646729226292663,27.675958147409546,27.61750030517578,27.646729226292663,328046.1538461539,0
2025-12-24 02:00:00,27.624649794306894,27.625965975535987,27.6233336130778,27.624649794306894,328046.1538461539,0
2025-12-24 02:30:00,27.609165720044246,27.629166920979817,27.589164519108675,27.609165720044246,328046.1538461539,0
2025-12-24 03:00:00,27.63689190564365,27.638783582405466,27.635000228881836,27.63689190564365,328046.1538461539,0
2025-12-24 03:30:00,27.63563868507914,27.640833536783855,27.630443833374425,27.63563868507914,328046.1538461539,0
2025-12-24 04:00:00,27.6611624758375,27.67565810698913,27.64666684468587,27.6611624758375,328046.1538461539,0
2025-12-24 04:30:00,27.681686670169942,27.710873187751993,27.65250015258789,27.681686670169942,328046.1538461539,0
2025-12-24 05:00:00,27.684159689283035,27.70998591807616,27.65833346048991,27.684159689283035,328046.1538461539,0
2025-12-24 05:30:00,27.63140543209476,27.664166768391926,27.598644095797592,27.63140543209476,328046.1538461539,0
2025-12-24 06:00:00,27.64869519766717,27.670000076293945,27.627390319040394,27.64869519766717,328046.1538461539,0
2025-12-26 00:00:00,28.69650967002547,28.729999542236328,28.663019797814613,28.69650967002547,593223.0769230769,0
2025-12-26 00:30:00,28.84756938579324,29.040972549967826,28.654166221618652,28.84756938579324,593223.0769230769,0
2025-12-26 01:00:00,28.54577785396004,28.578332901000977,28.513222806919103,28.54577785396004,593223.0769230769,0
2025-12-26 01:30:00,28.3640375241314,28.5024995803833,28.2255754678795,28.3640375241314,593223.0769230769,0
2025-12-26 02:00:00,28.495465936066044,28.564265612366462,28.426666259765625,28.495465936066044,593223.0769230769,0
2025-12-26 02:30:00,28.358244638527353,28.365656337906756,28.35083293914795,28.358244638527353,593223.0769230769,0
2025-12-26 03:00:00,28.16700961535036,28.274999618530273,28.059019612170445,28.16700961535036,593223.0769230769,0
2025-12-26 03:30:00,28.2254110837978,28.251655869683,28.199166297912598,28.2254110837978,593223.0769230769,0
2025-12-26 04:00:00,28.06531928295011,28.123332977294922,28.0073055886053,28.06531928295011,593223.0769230769,0
2025-12-26 04:30:00,28.174748857947478,28.30199805921771,28.047499656677246,28.174748857947478,593223.0769230769,0
2025-12-26 05:00:00,27.985601656603823,27.999536977148075,27.97166633605957,27.985601656603823,593223.0769230769,0
2025-12-26 05:30:00,27.788668394475998,27.895833015441895,27.6815037735101,27.788668394475998,593223.0769230769,0
2025-12-26 06:00:00,27.76368234261013,27.81999969482422,27.707364990396044,27.76368234261013,593223.0769230769,0
2025-12-29 00:00:00,27.804319006277783,27.848637783673727,27.76000022888184,27.804319006277783,495446.1538461539,0
2025-12-29 00:30:00,27.73809597355942,27.740833600362144,27.735358346756698,27.73809597355942,495446.1538461539,0
2025-12-29 01:00:00,27.72546215342341,27.72925733500437,27.721666971842453,27.72546215342341,495446.1538461539,0
2025-12-29 01:30:00,27.691351582173816,27.702500343322757,27.680202821024874,27.691351582173816,495446.1538461539,0
2025-12-29 02:00:00,27.647103620958717,27.683333714803062,27.61087352711437,27.647103620958717,495446.1538461539,0
2025-12-29 02:30:00,27.735513367511754,27.80685964874014,27.664167086283367,27.735513367511754,495446.1538461539,0
2025-12-29 03:00:00,27.690226526273634,27.735452594783595,27.645000457763672,27.690226526273634,495446.1538461539,0
2025-12-29 03:30:00,27.590827869372827,27.62583382924398,27.555821909501674,27.590827869372827,495446.1538461539,0
2025-12-29 04:00:00,27.566594257024754,27.606667200724285,27.526521313325222,27.566594257024754,495446.1538461539,0
2025-12-29 04:30:00,27.596166028732373,27.604831485260156,27.58750057220459,27.596166028732373,495446.1538461539,0
2025-12-29 05:00:00,27.61000778897723,27.651681634269565,27.568333943684898,27.61000778897723,495446.1538461539,0
2025-12-29 05:30:00,27.604518436090633,27.659869557016062,27.549167315165203,27.604518436090633,495446.1538461539,0
2025-12-29 06:00:00,27.492131196587195,27.530000686645508,27.454261706528882,27.492131196587195,495446.1538461539,0
2025-12-30 00:00:00,28.132531831907887,28.21999931335449,28.045064350461285,28.132531831907887,624792.3076923077,0
2025-12-30 00:30:00,28.18516134609835,28.201666037241615,28.168656654955086,28.18516134609835,624792.3076923077,0
2025-12-30 01:00:00,28.211322694749292,28.239312628369845,28.18333276112874,28.211322694749292,624792.3076923077,0
2025-12-30 01:30:00,28.120605050892028,28.164999485015866,28.07621061676819,28.120605050892028,624792.3076923077,0
2025-12-30 02:00:00,28.170607187355795,28.194548165808598,28.146666208902992,28.170607187355795,624792.3076923077,0
2025-12-30 02:30:00,27.969389114107337,28.12833293279012,27.810445295424554,27.969389114107337,624792.3076923077,0
2025-12-30 03:00:00,28.025452045002886,28.109999656677246,27.940904433328527,28.025452045002886,624792.3076923077,0
2025-12-30 03:30:00,28.08213485816389,28.09166638056437,28.07260333576341,28.08213485816389,624792.3076923077,0
2025-12-30 04:00:00,28.116822514349362,28.160311924247228,28.073333104451496,28.116822514349362,624792.3076923077,0
2025-12-30 04:30:00,28.015956995181533,28.054999828338623,27.976914162024443,28.015956995181533,624792.3076923077,0
2025-12-30 05:00:00,28.095260420756308,28.15385428928687,28.036666552225746,28.095260420756308,624792.3076923077,0
2025-12-30 05:30:00,28.0362054947739,28.054077713434925,28.018333276112873,28.0362054947739,624792.3076923077,0
2025-12-30 06:00:00,28.032533603855256,28.065067207710513,28.0,28.032533603855256,624792.3076923077,0
2025-12-31 00:00:00,28.839881090650938,28.929762181301875,28.75,28.839881090650938,449369.23076923075,0
2025-12-31 00:30:00,28.746028390919054,28.826223467578263,28.665833314259846,28.746028390919054,449369.23076923075,0
2025-12-31 01:00:00,28.565827425496124,28.581666628519695,28.549988222472553,28.565827425496124,449369.23076923075,0
2025-12-31 01:30:00,28.537714397764166,28.57792885274879,28.49749994277954,28.537714397764166,449369.23076923075,0
2025-12-31 02:00:00,28.440285703648346,28.467238150257305,28.413333257039387,28.440285703648346,449369.23076923075,0
2025-12-31 02:30:00,28.291056585412196,28.329166571299236,28.252946599525156,28.291056585412196,449369.23076923075,0
2025-12-31 03:00:00,28.22411675122472,28.244999885559082,28.20323361689036,28.22411675122472,449369.23076923075,0
2025-12-31 03:30:00,28.082486067983456,28.160833199818928,28.004138936147985,28.082486067983456,449369.23076923075,0
2025-12-31 04:00:00,28.046948703945336,28.076666514078777,28.017230893811895,28.046948703945336,449369.23076923075,0
2025-12-31 04:30:00,27.899347163958254,27.992499828338623,27.806194499577884,27.899347163958254,449369.23076923075,0
2025-12-31 05:00:00,27.90801024517145,27.90833314259847,27.90768734774443,27.90801024517145,449369.23076923075,0
2025-12-31 05:30:00,27.810471455452333,27.82416645685832,27.79677645404635,27.810471455452333,449369.23076923075,0
2025-12-31 06:00:00,27.761010833132403,27.78202189514664,27.739999771118164,27.761010833132403,449369.23076923075,0
2026-01-02 00:00:00,28.644180721182092,28.65999984741211,28.628361594952075,28.644180721182092,1078692.3076923077,0
2026-01-02 00:30:00,28.594723432733094,28.703333218892414,28.486113646573774,28.594723432733094,1078692.3076923077,0
2026-01-02 01:00:00,28.911041741331356,29.07541689228999,28.746666590372723,28.911041741331356,1078692.3076923077,0
2026-01-02 01:30:00,28.737957227809588,28.789999961853027,28.68591449376615,28.737957227809588,1078692.3076923077,0
2026-01-02 02:00:00,28.893531469547366,28.9537296057614,28.833333333333332,28.893531469547366,1078692.3076923077,0
2026-01-02 02:30:00,28.91283350769314,28.94900031057264,28.87666670481364,28.91283350769314,1078692.3076923077,0
2026-01-02 03:00:00,29.064151451419306,29.208302826544667,28.920000076293945,29.064151451419306,1078692.3076923077,0
2026-01-02 03:30:00,28.936554721674444,28.96333344777425,28.909775995574638,28.936554721674444,1078692.3076923077,0
2026-01-02 04:00:00,29.193939858685045,29.381212898115532,29.00666681925456,29.193939858685045,1078692.3076923077,0
2026-01-02 04:30:00,28.93228701780232,29.050000190734863,28.814573844869777,28.93228701780232,1078692.3076923077,0
2026-01-02 05:00:00,29.25607501654858,29.41881647088199,29.093333562215168,29.25607501654858,1078692.3076923077,0
2026-01-02 05:30:00,29.17855637282281,29.220445811950146,29.136666933695476,29.17855637282281,1078692.3076923077,0
2026-01-02 06:00:00,29.068803324753183,29.18000030517578,28.957606344330586,29.068803324753183,1078692.3076923077,0
2026-01-05 00:00:00,30.951551077167412,31.170000076293945,30.73310207804088,30.951551077167412,855946.1538461539,0
2026-01-05 00:30:00,31.332541001048448,31.421748662405733,31.243333339691162,31.332541001048448,855946.1538461539,0
2026-01-05 01:00:00,31.433518500698042,31.550370398307706,31.31666660308838,31.433518500698042,855946.1538461539,0
2026-01-05 01:30:00,31.360832381439167,31.389999866485596,31.331664896392738,31.360832381439167,855946.1538461539,0
2026-01-05 02:00:00,31.54117618932829,31.619019248773768,31.463333129882812,31.54117618932829,855946.1538461539,0
2026-01-05 02:30:00,31.540151427903325,31.54363646252662,31.53666639328003,31.540151427903325,855946.1538461539,0
2026-01-05 03:00:00,31.649117669790677,31.688235682904107,31.609999656677246,31.649117669790677,855946.1538461539,0
2026-01-05 03:30:00,31.73746594881835,31.791598977562238,31.683332920074463,31.73746594881835,855946.1538461539,0
2026-01-05 04:00:00,31.768655181429903,31.780644179388126,31.75666618347168,31.768655181429903,855946.1538461539,0
2026-01-05 04:30:00,31.85675546961799,31.883511492367084,31.829999446868896,31.85675546961799,855946.1538461539,0
2026-01-05 05:00:00,31.80191960296364,31.903332710266113,31.700506495661166,31.80191960296364,855946.1538461539,0
2026-01-05 05:30:00,31.96328192556596,31.97666597366333,31.949897877468587,31.96328192556596,855946.1538461539,0
2026-01-05 06:00:00,32.01967085919056,32.04999923706055,31.989342481320577,32.01967085919056,855946.1538461539,0
2026-01-06 00:00:00,32.17948271994493,32.21896605024142,32.13999938964844,32.17948271994493,769246.1538461539,0
2026-01-06 00:30:00,32.168820724085926,32.303475271058,32.03416617711385,32.168820724085926,769246.1538461539,0
2026-01-06 01:00:00,32.13518674311465,32.34204052165004,31.928332964579266,32.13518674311465,769246.1538461539,0
2026-01-06 01:30:00,31.852137967025797,31.881776182006917,31.822499752044678,31.852137967025797,769246.1538461539,0
2026-01-06 02:00:00,31.7737877156658,31.83090889182151,31.71666653951009,31.7737877156658,769246.1538461539,0
2026-01-06 02:30:00,31.713389884273347,31.81594644157119,31.610833326975506,31.713389884273347,769246.1538461539,0
2026-01-06 03:00:00,31.672848495730467,31.840696877020015,31.505000114440918,31.672848495730467,769246.1538461539,0
2026-01-06 03:30:00,31.434427553169115,31.4696882044319,31.39916690190633,31.434427553169115,769246.1538461539,0
2026-01-06 04:00:00,31.40692016717546,31.520506644979175,31.293333689371746,31.40692016717546,769246.1538461539,0
2026-01-06 04:30:00,31.21674835427828,31.245996231719403,31.187500476837158,31.21674835427828,769246.1538461539,0
2026-01-06 05:00:00,31.059414119865952,31.08166726430257,31.037160975429334,31.059414119865952,769246.1538461539,0
2026-01-06 05:30:00,30.922483983107796,30.975834051767986,30.869133914447605,30.922483983107796,769246.1538461539,0
2026-01-06 06:00:00,30.849788857083308,30.8700008392334,30.829576874933217,30.849788857083308,769246.1538461539,0
2026-01-07 00:00:00,30.10595031333216,30.11000061035156,30.101900016312758,30.10595031333216,592930.7692307692,0
2026-01-07 00:30:00,30.072552590694627,30.085833867390946,30.05927131399831,30.072552590694627,592930.7692307692,0
2026-01-07 01:00:00,30.047388317717083,30.061667124430336,30.03310951100383,30.047388317717083,592930.7692307692,0
2026-01-07 01:30:00,29.99097414999665,30.037500381469723,29.944447918523576,29.99097414999665,592930.7692307692,0
2026-01-07 02:00:00,30.043252405803788,30.073171173098462,30.013333638509113,30.043252405803788,592930.7692307692,0
2026-01-07 02:30:00,30.039995167498585,30.09082343944867,29.9891668955485,30.039995167498585,592930.7692307692,0
2026-01-07 03:00:00,29.964868990045318,29.96500015258789,29.964737827502745,29.964868990045318,592930.7692307692,0
2026-01-07 03:30:00,30.00954649312103,30.07825957661478,29.940833409627277,30.00954649312103,592930.7692307692,0
2026-01-07 04:00:00,29.856892839733444,29.916666666666664,29.797119012800223,29.856892839733444,592930.7692307692,0
2026-01-07 04:30:00,29.895805682653073,29.89911144160009,29.892499923706055,29.895805682653073,592930.7692307692,0
2026-01-07 05:00:00,29.856325838452936,29.86833318074544,29.84431849616043,29.856325838452936,592930.7692307692,0
2026-01-07 05:30:00,29.784786118214633,29.844166437784832,29.725405798644434,29.784786118214633,592930.7692307692,0
2026-01-07 06:00:00,29.80991970375346,29.81999969482422,29.799839712682704,29.80991970375346,592930.7692307692,0
2026-01-08 00:00:00,28.736442445606055,28.82999992370605,28.64288496750606,28.736442445606055,618248.8461538461,0
2026-01-08 00:30:00,28.948673722630605,28.990680848530666,28.906666596730545,28.948673722630605,618248.8461538461,0
2026-01-08 01:00:00,28.95472556772278,28.983333269755043,28.926117865690514,28.95472556772278,618248.8461538461,0
2026-01-08 01:30:00,29.009844854823083,29.059999942779537,28.959689766866628,29.009844854823083,618248.8461538461,0
2026-01-08 02:00:00,29.048051695110708,29.136666615804035,28.95943677441738,29.048051695110708,618248.8461538461,0
2026-01-08 02:30:00,29.14444081694628,29.21333328882853,29.07554834506403,29.14444081694628,618248.8461538461,0
2026-01-08 03:00:00,29.153309543284028,29.289999961853027,29.016619124715028,29.153309543284028,618248.8461538461,0
2026-01-08 03:30:00,29.32077478518273,29.36666663487752,29.27488293548794,29.32077478518273,618248.8461538461,0
2026-01-08 04:00:00,29.31238202861218,29.443333307902016,29.181430749322345,29.31238202861218,618248.8461538461,0
2026-01-08 04:30:00,29.435135286948928,29.519999980926514,29.35027059297134,29.435135286948928,618248.8461538461,0
2026-01-08 05:00:00,29.5504620714882,29.596666653951008,29.504257489025395,29.5504620714882,618248.8461538461,0
2026-01-08 05:30:00,29.735426205200355,29.797519083425204,29.673333326975506,29.735426205200355,618248.8461538461,0
2026-01-08 06:00:00,29.790937326855573,29.831874653711147,29.75,29.790937326855573,618248.8461538461,0
