Datetime,close,high,low,open,volume,openinterest
2025-10-14 13:30:00+00:00,49.47999954223633,49.875,48.53499984741211,49.86750030517578,22524970,0
2025-10-14 14:00:00+00:00,50.379798889160156,50.39984893798828,49.3650016784668,49.474998474121094,6821407,0
2025-10-14 14:30:00+00:00,50.17919921875,50.5099983215332,50.05500030517578,50.375,5253987,0
2025-10-14 15:00:00+00:00,50.2599983215332,50.654998779296875,50.14250183105469,50.18000030517578,4070141,0
2025-10-14 15:30:00+00:00,50.88005065917969,51.09000015258789,50.255001068115234,50.26499938964844,5608538,0
2025-10-14 16:00:00+00:00,51.29499816894531,51.33000183105469,50.619998931884766,50.897499084472656,3919901,0
2025-10-14 16:30:00+00:00,51.42250061035156,51.76499938964844,51.28004837036133,51.29935073852539,4601169,0
2025-10-14 17:00:00+00:00,51.63494873046875,51.70249938964844,51.209999084472656,51.41999816894531,3284461,0
2025-10-14 17:30:00+00:00,51.458248138427734,51.68000030517578,51.345001220703125,51.6349983215332,2757948,0
2025-10-14 18:00:00+00:00,51.55720138549805,51.6150016784668,51.350799560546875,51.470001220703125,1605563,0
2025-10-14 18:30:00+00:00,51.45500183105469,51.619998931884766,51.352500915527344,51.560001373291016,1497073,0
2025-10-14 19:00:00+00:00,51.470001220703125,51.625,51.41535186767578,51.470001220703125,1444116,0
2025-10-14 19:30:00+00:00,50.56999969482422,51.474998474121094,50.13999938964844,51.46500015258789,8875414,0
2025-10-15 13:30:00+00:00,52.13005065917969,52.19499969482422,51.435001373291016,52.06999969482422,12579491,0
2025-10-15 14:00:00+00:00,52.66999816894531,52.7400016784668,52.179901123046875,52.27000045776367,5461742,0
2025-10-15 14:30:00+00:00,52.662498474121094,52.755001068115234,52.51380157470703,52.68000030517578,3328017,0
2025-10-15 15:00:00+00:00,52.375,52.720001220703125,52.34049987792969,52.662498474121094,2884577,0
2025-10-15 15:30:00+00:00,51.665000915527344,52.41484832763672,51.31435012817383,52.375,6599987,0
2025-10-15 16:00:00+00:00,51.81999969482422,52.02090072631836,51.61000061035156,51.67499923706055,3831227,0
2025-10-15 16:30:00+00:00,51.465301513671875,51.869998931884766,51.41999816894531,51.81999969482422,2557123,0
2025-10-15 17:00:00+00:00,50.529998779296875,51.47999954223633,50.02000045776367,51.47999954223633,7916358,0
2025-10-15 17:30:00+00:00,51.48500061035156,51.540000915527344,50.47999954223633,50.53995132446289,4919554,0
2025-10-15 18:00:00+00:00,51.402400970458984,51.59000015258789,51.20500183105469,51.46500015258789,2880104,0
2025-10-15 18:30:00+00:00,51.777198791503906,51.8125,51.369998931884766,51.40129852294922,2212551,0
2025-10-15 19:00:00+00:00,51.709999084472656,51.79750061035156,51.47005081176758,51.775001525878906,2454914,0
2025-10-15 19:30:00+00:00,51.60499954223633,51.75,51.119998931884766,51.71500015258789,4668837,0
2025-10-16 13:30:00+00:00,52.440101623535156,52.834999084472656,52.227500915527344,52.32500076293945,11677601,0
2025-10-16 14:00:00+00:00,52.56504821777344,52.7599983215332,52.154998779296875,52.45000076293945,5434389,0
2025-10-16 14:30:00+00:00,52.712501525878906,53.165000915527344,52.564998626708984,52.564998626708984,5565783,0
2025-10-16 15:00:00+00:00,52.29999923706055,52.875,52.18000030517578,52.724998474121094,3592755,0
2025-10-16 15:30:00+00:00,51.89500045776367,52.5099983215332,51.73500061035156,52.279998779296875,5548109,0
2025-10-16 16:00:00+00:00,51.30500030517578,52.05500030517578,51.26499938964844,51.88999938964844,5817301,0
2025-10-16 16:30:00+00:00,51.62049865722656,51.66994857788086,50.41999816894531,51.310001373291016,10080750,0
2025-10-16 17:00:00+00:00,51.650001525878906,51.849998474121094,51.01250076293945,51.618751525878906,6192086,0
2025-10-16 17:30:00+00:00,51.244998931884766,51.810001373291016,51.01499938964844,51.630001068115234,3318812,0
2025-10-16 18:00:00+00:00,50.22999954223633,51.28004837036133,49.99250030517578,51.2400016784668,6795539,0
2025-10-16 18:30:00+00:00,50.83034896850586,50.845001220703125,49.880001068115234,50.21500015258789,5362826,0
2025-10-16 19:00:00+00:00,50.43505096435547,50.95000076293945,50.16999816894531,50.82500076293945,3583251,0
2025-10-16 19:30:00+00:00,51.0099983215332,51.11000061035156,50.26525115966797,50.45000076293945,5002365,0
2025-10-17 13:30:00+00:00,50.976200103759766,51.39500045776367,50.060001373291016,50.459999084472656,18956004,0
2025-10-17 14:00:00+00:00,51.5099983215332,51.82500076293945,50.712501525878906,50.974998474121094,7755813,0
2025-10-17 14:30:00+00:00,50.62009811401367,51.54499816894531,50.53099822998047,51.52280044555664,5951493,0
2025-10-17 15:00:00+00:00,50.429649353027344,51.185001373291016,50.22064971923828,50.625,4638111,0
2025-10-17 15:30:00+00:00,51.1349983215332,51.287498474121094,50.064998626708984,50.45000076293945,4823660,0
2025-10-17 16:00:00+00:00,51.73749923706055,51.790000915527344,51.13999938964844,51.150001525878906,4328873,0
2025-10-17 16:30:00+00:00,51.45750045776367,51.88999938964844,51.28499984741211,51.73500061035156,3796927,0
2025-10-17 17:00:00+00:00,51.220001220703125,51.4900016784668,51.01499938964844,51.462501525878906,2531762,0
2025-10-17 17:30:00+00:00,51.6650505065918,51.734100341796875,51.0452995300293,51.21149826049805,4366258,0
2025-10-17 18:00:00+00:00,52.15105056762695,52.2400016784668,51.665000915527344,51.665000915527344,3994709,0
2025-10-17 18:30:00+00:00,52.02909851074219,52.22505187988281,51.92499923706055,52.15999984741211,2232859,0
2025-10-17 19:00:00+00:00,52.21500015258789,52.3849983215332,52.03499984741211,52.04499816894531,2313538,0
2025-10-17 19:30:00+00:00,51.98910140991211,52.21500015258789,51.931251525878906,52.21500015258789,4180925,0
2025-10-20 13:30:00+00:00,53.44499969482422,53.560001373291016,52.7755012512207,52.79999923706055,12092203,0
2025-10-20 14:00:00+00:00,53.82500076293945,53.834999084472656,53.3849983215332,53.459999084472656,3919500,0
2025-10-20 14:30:00+00:00,54.0141487121582,54.06999969482422,53.724998474121094,53.82500076293945,4090055,0
2025-10-20 15:00:00+00:00,54.052799224853516,54.099998474121094,53.8650016784668,54.02000045776367,2302423,0
2025-10-20 15:30:00+00:00,54.029850006103516,54.20494842529297,53.915000915527344,54.0625,3100383,0
2025-10-20 16:00:00+00:00,54.0,54.09000015258789,53.900001525878906,54.039649963378906,1758166,0
2025-10-20 16:30:00+00:00,54.018348693847656,54.04280090332031,53.8650016784668,53.999000549316406,1097100,0
2025-10-20 17:00:00+00:00,54.15005111694336,54.2400016784668,54.0,54.01499938964844,1481504,0
2025-10-20 17:30:00+00:00,54.150001525878906,54.2599983215332,54.122501373291016,54.15250015258789,1139368,0
2025-10-20 18:00:00+00:00,54.157501220703125,54.258399963378906,54.119998931884766,54.15250015258789,1024341,0
2025-10-20 18:30:00+00:00,54.104949951171875,54.169498443603516,53.96500015258789,54.15999984741211,1555786,0
2025-10-20 19:00:00+00:00,54.067501068115234,54.157501220703125,53.91749954223633,54.106998443603516,1633846,0
2025-10-20 19:30:00+00:00,53.942501068115234,54.154998779296875,53.935001373291016,54.06999969482422,3807483,0
2025-10-21 13:30:00+00:00,53.525001525878906,53.970001220703125,53.39500045776367,53.95000076293945,9089574,0
2025-10-21 14:00:00+00:00,53.4474983215332,53.8650016784668,53.345001220703125,53.525001525878906,4539378,0
2025-10-21 14:30:00+00:00,53.93505096435547,53.96500015258789,53.334999084472656,53.45000076293945,3610324,0
2025-10-21 15:00:00+00:00,53.790000915527344,53.974998474121094,53.584999084472656,53.95000076293945,2615090,0
2025-10-21 15:30:00+00:00,54.084999084472656,54.11000061035156,53.68239974975586,53.79249954223633,2597079,0
2025-10-21 16:00:00+00:00,54.16054916381836,54.20500183105469,54.040000915527344,54.08250045776367,1668271,0
2025-10-21 16:30:00+00:00,53.837501525878906,54.2400016784668,53.78499984741211,54.172550201416016,2555383,0
2025-10-21 17:00:00+00:00,53.834999084472656,54.0,53.6150016784668,53.84000015258789,3890838,0
2025-10-21 17:30:00+00:00,54.0234489440918,54.029998779296875,53.767398834228516,53.84000015258789,1901967,0
2025-10-21 18:00:00+00:00,54.03239822387695,54.09000015258789,53.875,54.025001525878906,1495501,0
2025-10-21 18:30:00+00:00,53.997798919677734,54.064998626708984,53.91999816894531,54.0349006652832,1020839,0
2025-10-21 19:00:00+00:00,53.99800109863281,54.095001220703125,53.94499969482422,53.994998931884766,1032357,0
2025-10-21 19:30:00+00:00,53.89500045776367,54.159950256347656,53.85599899291992,53.99250030517578,2745797,0
2025-10-22 13:30:00+00:00,53.6775016784668,53.869998931884766,53.13999938964844,53.709999084472656,10034152,0
2025-10-22 14:00:00+00:00,52.817501068115234,53.814998626708984,52.765499114990234,53.6775016784668,5475260,0
2025-10-22 14:30:00+00:00,53.130001068115234,53.14500045776367,52.36000061035156,52.81999969482422,7471315,0
2025-10-22 15:00:00+00:00,52.20500183105469,53.244998931884766,52.16999816894531,53.130001068115234,4909044,0
2025-10-22 15:30:00+00:00,52.66999816894531,52.8603515625,52.04505157470703,52.209999084472656,4006622,0
2025-10-22 16:00:00+00:00,52.21500015258789,52.720001220703125,52.084999084472656,52.65999984741211,3027171,0
2025-10-22 16:30:00+00:00,51.97999954223633,52.3650016784668,51.19499969482422,52.21500015258789,7986133,0
2025-10-22 17:00:00+00:00,51.459999084472656,52.095001220703125,51.2400016784668,51.970001220703125,2980985,0
2025-10-22 17:30:00+00:00,51.22064971923828,51.564998626708984,50.790000915527344,51.455101013183594,4705372,0
2025-10-22 18:00:00+00:00,51.4953498840332,51.665000915527344,50.93104934692383,51.22249984741211,4331525,0
2025-10-22 18:30:00+00:00,51.77280044555664,51.78499984741211,51.33000183105469,51.4900016784668,2937748,0
2025-10-22 19:00:00+00:00,52.09000015258789,52.14250183105469,51.54999923706055,51.7599983215332,3932250,0
2025-10-22 19:30:00+00:00,52.27000045776367,52.400001525878906,52.09000015258789,52.10350036621094,4137284,0
2025-10-23 13:30:00+00:00,53.03260040283203,53.159950256347656,52.040000915527344,52.13750076293945,10437172,0
2025-10-23 14:00:00+00:00,52.953250885009766,53.1328010559082,52.560001373291016,53.032501220703125,5272389,0
2025-10-23 14:30:00+00:00,53.21500015258789,53.26499938964844,52.869998931884766,52.95500183105469,4051414,0
2025-10-23 15:00:00+00:00,53.150001525878906,53.2400016784668,52.90999984741211,53.220001220703125,2387934,0
2025-10-23 15:30:00+00:00,53.2400016784668,53.37995147705078,52.782501220703125,53.154998779296875,3286682,0
2025-10-23 16:00:00+00:00,53.28239822387695,53.44499969482422,53.185001373291016,53.2400016784668,2209299,0
2025-10-23 16:30:00+00:00,53.528099060058594,53.532501220703125,53.27090072631836,53.282501220703125,2064133,0
2025-10-23 17:00:00+00:00,53.31999969482422,53.564998626708984,53.21500015258789,53.529998779296875,3307331,0
2025-10-23 17:30:00+00:00,53.769901275634766,53.79465103149414,53.31005096435547,53.32500076293945,2785874,0
2025-10-23 18:00:00+00:00,53.7599983215332,53.790000915527344,53.560001373291016,53.77750015258789,1746228,0
2025-10-23 18:30:00+00:00,53.744998931884766,53.814998626708984,53.62004852294922,53.76499938964844,1327692,0
2025-10-23 19:00:00+00:00,53.753501892089844,53.79999923706055,53.67720031738281,53.744998931884766,1599650,0
2025-10-23 19:30:00+00:00,53.6150016784668,53.75,53.474998474121094,53.75,3882244,0
2025-10-24 13:30:00+00:00,55.244998931884766,55.39500045776367,54.76499938964844,54.99399948120117,13629287,0
2025-10-24 14:00:00+00:00,55.192501068115234,55.48500061035156,55.15504837036133,55.25,3494911,0
2025-10-24 14:30:00+00:00,55.0,55.42499923706055,54.78499984741211,55.189998626708984,3982796,0
2025-10-24 15:00:00+00:00,55.415000915527344,55.47999954223633,54.935001373291016,55.0099983215332,2927510,0
2025-10-24 15:30:00+00:00,55.34714889526367,55.4900016784668,55.22999954223633,55.41999816894531,2246568,0
2025-10-24 16:00:00+00:00,55.4375,55.53499984741211,55.33625030517578,55.352500915527344,2048650,0
2025-10-24 16:30:00+00:00,55.521148681640625,55.59000015258789,55.32500076293945,55.43000030517578,1405263,0
2025-10-24 17:00:00+00:00,55.49250030517578,55.567501068115234,55.447349548339844,55.52000045776367,940121,0
2025-10-24 17:30:00+00:00,55.519649505615234,55.630001068115234,55.470001220703125,55.494998931884766,1123916,0
2025-10-24 18:00:00+00:00,55.49250030517578,55.54750061035156,55.41999816894531,55.5099983215332,1210239,0
2025-10-24 18:30:00+00:00,55.48500061035156,55.54999923706055,55.38999938964844,55.4900016784668,1496797,0
2025-10-24 19:00:00+00:00,55.590049743652344,55.630001068115234,55.47964859008789,55.48749923706055,1911023,0
2025-10-24 19:30:00+00:00,55.255001068115234,55.59749984741211,55.19499969482422,55.584999084472656,4805349,0
2025-10-27 13:30:00+00:00,57.473548889160156,57.540000915527344,57.13505172729492,57.25699996948242,12134112,0
2025-10-27 14:00:00+00:00,57.61000061035156,57.64495086669922,57.310001373291016,57.47249984741211,4111985,0
2025-10-27 14:30:00+00:00,57.540000915527344,57.75,57.5,57.60499954223633,3301972,0
2025-10-27 15:00:00+00:00,57.79999923706055,57.81999969482422,57.525001525878906,57.540000915527344,2327305,0
2025-10-27 15:30:00+00:00,57.76499938964844,57.86249923706055,57.7400016784668,57.79999923706055,1603111,0
2025-10-27 16:00:00+00:00,57.83000183105469,57.880001068115234,57.74250030517578,57.77000045776367,1274282,0
2025-10-27 16:30:00+00:00,57.900001525878906,57.92499923706055,57.816650390625,57.837501525878906,1323920,0
2025-10-27 17:00:00+00:00,57.81779861450195,57.915000915527344,57.7599983215332,57.904998779296875,1282576,0
2025-10-27 17:30:00+00:00,57.98500061035156,58.0,57.790000915527344,57.82749938964844,1711683,0
2025-10-27 18:00:00+00:00,58.005001068115234,58.032501220703125,57.9375,57.974998474121094,1185293,0
2025-10-27 18:30:00+00:00,58.08250045776367,58.11000061035156,57.959999084472656,58.005001068115234,1455708,0
2025-10-27 19:00:00+00:00,57.9911003112793,58.09000015258789,57.94499969482422,58.08034896850586,1477052,0
2025-10-27 19:30:00+00:00,58.217498779296875,58.345001220703125,57.970001220703125,57.98500061035156,4206655,0
2025-10-28 13:30:00+00:00,58.904998779296875,59.11000061035156,58.67499923706055,58.8224983215332,10864338,0
2025-10-28 14:00:00+00:00,58.790000915527344,58.98910140991211,58.70750045776367,58.915000915527344,3054981,0
2025-10-28 14:30:00+00:00,58.709999084472656,58.82749938964844,58.53675079345703,58.78950119018555,3108425,0
2025-10-28 15:00:00+00:00,58.78499984741211,58.849998474121094,58.70000076293945,58.709999084472656,2453151,0
2025-10-28 15:30:00+00:00,58.88494873046875,58.8849983215332,58.529998779296875,58.77750015258789,2499024,0
2025-10-28 16:00:00+00:00,59.095001220703125,59.1150016784668,58.8849983215332,58.8849983215332,2153095,0
2025-10-28 16:30:00+00:00,59.19725036621094,59.45000076293945,59.005001068115234,59.095001220703125,3902420,0
2025-10-28 17:00:00+00:00,59.32720184326172,59.415000915527344,59.16859817504883,59.19575119018555,2705109,0
2025-10-28 17:30:00+00:00,59.50230026245117,59.532798767089844,59.31494903564453,59.33250045776367,2376166,0
2025-10-28 18:00:00+00:00,59.69990158081055,59.724998474121094,59.459999084472656,59.5,1938478,0
2025-10-28 18:30:00+00:00,59.790000915527344,59.790000915527344,59.65999984741211,59.697601318359375,1747668,0
2025-10-28 19:00:00+00:00,60.0,60.03499984741211,59.685001373291016,59.78499984741211,2824883,0
2025-10-28 19:30:00+00:00,59.540000915527344,60.03779983520508,59.529998779296875,60.0,5082298,0
2025-10-29 13:30:00+00:00,60.634498596191406,60.6349983215332,60.20500183105469,60.28499984741211,11876995,0
2025-10-29 14:00:00+00:00,60.494998931884766,60.685001373291016,60.275001525878906,60.63999938964844,3481766,0
2025-10-29 14:30:00+00:00,60.23004913330078,60.564998626708984,60.1254997253418,60.48899841308594,2698824,0
2025-10-29 15:00:00+00:00,60.1974983215332,60.35499954223633,60.087501525878906,60.22835159301758,2201076,0
2025-10-29 15:30:00+00:00,60.08000183105469,60.22999954223633,59.95029830932617,60.189998626708984,2905219,0
2025-10-29 16:00:00+00:00,60.157501220703125,60.199649810791016,59.842498779296875,60.0724983215332,2753883,0
2025-10-29 16:30:00+00:00,60.19499969482422,60.275001525878906,60.099998474121094,60.165000915527344,1294247,0
2025-10-29 17:00:00+00:00,60.02505111694336,60.28499984741211,59.95750045776367,60.20249938964844,1172970,0
2025-10-29 17:30:00+00:00,60.171348571777344,60.277198791503906,59.97999954223633,60.025001525878906,1572649,0
2025-10-29 18:00:00+00:00,60.14500045776367,60.40999984741211,59.83000183105469,60.189998626708984,5843262,0
2025-10-29 18:30:00+00:00,59.720001220703125,60.380001068115234,58.77000045776367,60.150001525878906,16565559,0
2025-10-29 19:00:00+00:00,59.76250076293945,60.08995056152344,59.220001220703125,59.73500061035156,5900975,0
2025-10-29 19:30:00+00:00,60.36000061035156,60.3849983215332,59.474998474121094,59.7599983215332,5278831,0
2025-10-30 13:30:00+00:00,59.30500030517578,59.45975112915039,58.040000915527344,59.29499816894531,11062159,0
2025-10-30 14:00:00+00:00,58.567501068115234,59.66999816894531,58.49250030517578,59.310001373291016,14493587,0
2025-10-30 14:30:00+00:00,58.559749603271484,59.11494827270508,58.295448303222656,58.564998626708984,2897524,0
2025-10-30 15:00:00+00:00,58.834999084472656,58.959999084472656,58.560001373291016,58.560001373291016,1825612,0
2025-10-30 15:30:00+00:00,58.380001068115234,58.86750030517578,58.21500015258789,58.834999084472656,14399615,0
2025-10-30 16:00:00+00:00,59.01005172729492,59.10430145263672,58.345001220703125,58.375,2263682,0
2025-10-30 16:30:00+00:00,58.94499969482422,59.0099983215332,58.70000076293945,59.0099983215332,1537061,0
2025-10-30 17:00:00+00:00,58.869998931884766,58.95000076293945,58.44499969482422,58.939998626708984,1570232,0
2025-10-30 17:30:00+00:00,58.90999984741211,58.96004867553711,58.64994812011719,58.8650016784668,1260797,0
2025-10-30 18:00:00+00:00,58.42435073852539,58.90999984741211,58.334999084472656,58.90999984741211,1528654,0
2025-10-30 18:30:00+00:00,58.36000061035156,58.60499954223633,58.275001525878906,58.42499923706055,1982903,0
2025-10-30 19:00:00+00:00,57.94160079956055,58.39500045776367,57.6349983215332,58.36000061035156,20658576,0
2025-10-30 19:30:00+00:00,57.53499984741211,58.17499923706055,57.53499984741211,57.95000076293945,3955494,0
2025-10-31 13:30:00+00:00,59.11000061035156,59.72999954223633,58.96500015258789,59.724998474121094,7344525,0
2025-10-31 14:00:00+00:00,59.125,59.1974983215332,58.82500076293945,59.11000061035156,3920427,0
2025-10-31 14:30:00+00:00,59.52000045776367,59.62984848022461,59.095001220703125,59.130001068115234,2787817,0
2025-10-31 15:00:00+00:00,59.33000183105469,59.63349914550781,59.290000915527344,59.51499938964844,9867302,0
2025-10-31 15:30:00+00:00,58.75749969482422,59.459999084472656,58.75,59.334999084472656,3628527,0
2025-10-31 16:00:00+00:00,58.4599494934082,58.77000045776367,58.12030029296875,58.75749969482422,3052796,0
2025-10-31 16:30:00+00:00,58.085350036621094,58.662899017333984,57.967498779296875,58.45500183105469,2353897,0
2025-10-31 17:00:00+00:00,57.82500076293945,58.14500045776367,57.709999084472656,58.08000183105469,15831853,0
2025-10-31 17:30:00+00:00,58.07500076293945,58.29499816894531,57.69004821777344,57.817501068115234,2452069,0
2025-10-31 18:00:00+00:00,58.5,58.529998779296875,58.060001373291016,58.07500076293945,2136596,0
2025-10-31 18:30:00+00:00,58.51499938964844,58.56999969482422,58.22700119018555,58.494998931884766,1747705,0
2025-10-31 19:00:00+00:00,58.999900817871094,59.05500030517578,58.404998779296875,58.51499938964844,2389459,0
2025-10-31 19:30:00+00:00,58.369998931884766,59.209999084472656,58.3650016784668,58.994998931884766,3957374,0
2025-11-03 14:30:00+00:00,59.352500915527344,60.20500183105469,59.23440170288086,60.0,6535128,0
2025-11-03 15:00:00+00:00,58.73500061035156,59.474998474121094,58.65999984741211,59.375,3454604,0
2025-11-03 15:30:00+00:00,59.03499984741211,59.189998626708984,58.540000915527344,58.724998474121094,2898369,0
2025-11-03 16:00:00+00:00,58.77994918823242,59.130001068115234,58.7400016784668,59.040000915527344,1541340,0
2025-11-03 16:30:00+00:00,59.224998474121094,59.279998779296875,58.730499267578125,58.77000045776367,1726763,0
2025-11-03 17:00:00+00:00,59.1171989440918,59.39500045776367,58.994998931884766,59.22999954223633,1866943,0
2025-11-03 17:30:00+00:00,59.43534851074219,59.5,59.10749816894531,59.1150016784668,1336636,0
2025-11-03 18:00:00+00:00,59.37125015258789,59.5,59.34550094604492,59.44499969482422,964645,0
2025-11-03 18:30:00+00:00,59.298648834228516,59.529998779296875,59.26750183105469,59.369998931884766,1140336,0
2025-11-03 19:00:00+00:00,59.0724983215332,59.3650016784668,59.01544952392578,59.29499816894531,1681688,0
2025-11-03 19:30:00+00:00,59.212501525878906,59.275001525878906,58.877498626708984,59.064998626708984,12872561,0
2025-11-03 20:00:00+00:00,59.09994888305664,59.26934814453125,59.025001525878906,59.21500015258789,794420,0
2025-11-03 20:30:00+00:00,59.15999984741211,59.15999984741211,58.915000915527344,59.10499954223633,2212648,0
2025-11-04 14:30:00+00:00,57.58504867553711,57.625,56.13999938964844,56.67250061035156,10884547,0
2025-11-04 15:00:00+00:00,57.502498626708984,57.70494842529297,57.25,57.58000183105469,3715594,0
2025-11-04 15:30:00+00:00,56.9900016784668,57.67995071411133,56.81999969482422,57.5,11706105,0
2025-11-04 16:00:00+00:00,56.875,57.21995162963867,56.650001525878906,56.994998931884766,2440299,0
2025-11-04 16:30:00+00:00,56.77225112915039,57.040000915527344,56.54999923706055,56.875,2274835,0
2025-11-04 17:00:00+00:00,56.470001220703125,56.78004837036133,56.005001068115234,56.75749969482422,3018070,0
2025-11-04 17:30:00+00:00,56.252498626708984,56.584999084472656,56.14500045776367,56.46500015258789,1992310,0
2025-11-04 18:00:00+00:00,55.89500045776367,56.27494812011719,55.79499816894531,56.22999954223633,2220631,0
2025-11-04 18:30:00+00:00,56.185001373291016,56.29249954223633,55.72999954223633,55.880001068115234,2396587,0
2025-11-04 19:00:00+00:00,56.11994934082031,56.307498931884766,55.98749923706055,56.165000915527344,1550409,0
2025-11-04 19:30:00+00:00,55.744998931884766,56.15739822387695,55.540000915527344,56.1150016784668,2130538,0
2025-11-04 20:00:00+00:00,55.84294891357422,55.972801208496094,55.584999084472656,55.744998931884766,1651902,0
2025-11-04 20:30:00+00:00,55.525001525878906,55.98500061035156,55.321651458740234,55.845001220703125,3410419,0
2025-11-05 14:30:00+00:00,56.275001525878906,56.29499816894531,54.97249984741211,55.34000015258789,9085157,0
2025-11-05 15:00:00+00:00,56.272499084472656,56.459999084472656,55.81949996948242,56.27000045776367,5273042,0
2025-11-05 15:30:00+00:00,56.47999954223633,56.5849494934082,56.185001373291016,56.275001525878906,10803911,0
2025-11-05 16:00:00+00:00,56.625,56.654998779296875,56.08000183105469,56.47999954223633,2718383,0
2025-11-05 16:30:00+00:00,56.83000183105469,56.915000915527344,56.529998779296875,56.62984848022461,1824596,0
2025-11-05 17:00:00+00:00,56.91749954223633,56.959999084472656,56.61199951171875,56.84000015258789,1551579,0
2025-11-05 17:30:00+00:00,57.07500076293945,57.185001373291016,56.89500045776367,56.918800354003906,1621887,0
2025-11-05 18:00:00+00:00,57.18994903564453,57.217498779296875,57.029998779296875,57.07749938964844,1085358,0
2025-11-05 18:30:00+00:00,57.42250061035156,57.470001220703125,57.154998779296875,57.18505096435547,1383752,0
2025-11-05 19:00:00+00:00,57.352500915527344,57.444950103759766,57.14535140991211,57.41999816894531,1570780,0
2025-11-05 19:30:00+00:00,57.407501220703125,57.4900016784668,57.33155059814453,57.34749984741211,1132085,0
2025-11-05 20:00:00+00:00,57.217498779296875,57.5,57.18000030517578,57.407501220703125,1348662,0
2025-11-05 20:30:00+00:00,56.6150016784668,57.20964813232422,56.54999923706055,57.20750045776367,3970945,0
2025-11-06 14:30:00+00:00,55.11750030517578,56.2400016784668,55.10499954223633,56.18000030517578,8981748,0
2025-11-06 15:00:00+00:00,55.07749938964844,55.334999084472656,54.415000915527344,55.119998931884766,7875116,0
2025-11-06 15:30:00+00:00,53.744998931884766,55.12504959106445,53.66004943847656,55.08000183105469,6317709,0
2025-11-06 16:00:00+00:00,53.94499969482422,54.189998626708984,53.57500076293945,53.744998931884766,4377239,0
2025-11-06 16:30:00+00:00,53.20500183105469,53.939998626708984,53.08000183105469,53.939998626708984,4428781,0
2025-11-06 17:00:00+00:00,53.369998931884766,53.78984832763672,53.060001373291016,53.20500183105469,3660046,0
2025-11-06 17:30:00+00:00,53.98495101928711,54.10499954223633,53.27000045776367,53.35499954223633,3184053,0
2025-11-06 18:00:00+00:00,53.88505172729492,54.04999923706055,53.25,53.97999954223633,2763375,0
2025-11-06 18:30:00+00:00,53.924949645996094,54.19499969482422,53.775001525878906,53.8849983215332,2612643,0
2025-11-06 19:00:00+00:00,54.59590148925781,54.632198333740234,53.8650016784668,53.93000030517578,2719008,0
2025-11-06 19:30:00+00:00,54.41999816894531,54.64474868774414,54.09000015258789,54.59000015258789,2299610,0
2025-11-06 20:00:00+00:00,54.07749938964844,54.47999954223633,54.04499816894531,54.40999984741211,1960104,0
2025-11-06 20:30:00+00:00,53.43000030517578,54.189998626708984,53.22999954223633,54.07500076293945,4146891,0
2025-11-07 14:30:00+00:00,51.935001373291016,52.5099983215332,51.287498474121094,52.5099983215332,13153455,0
2025-11-07 15:00:00+00:00,51.6150016784668,52.095001220703125,51.064998626708984,51.90999984741211,7385412,0
2025-11-07 15:30:00+00:00,50.70000076293945,51.689998626708984,50.69499969482422,51.61000061035156,4769469,0
2025-11-07 16:00:00+00:00,50.52000045776367,50.935001373291016,50.3650016784668,50.70000076293945,4498339,0
2025-11-07 16:30:00+00:00,50.209999084472656,50.68994903564453,50.040000915527344,50.523250579833984,3563811,0
2025-11-07 17:00:00+00:00,50.755001068115234,50.95500183105469,49.97999954223633,50.20500183105469,4360353,0
2025-11-07 17:30:00+00:00,50.82500076293945,50.92499923706055,50.290000915527344,50.75,3185909,0
2025-11-07 18:00:00+00:00,51.317501068115234,51.33000183105469,50.70500183105469,50.83000183105469,3632362,0
2025-11-07 18:30:00+00:00,51.340049743652344,51.53499984741211,50.92499923706055,51.319950103759766,22237818,0
2025-11-07 19:00:00+00:00,51.51504898071289,51.599998474121094,51.20000076293945,51.34000015258789,2484053,0
2025-11-07 19:30:00+00:00,52.557498931884766,52.56909942626953,51.52000045776367,51.52000045776367,5119841,0
2025-11-07 20:00:00+00:00,52.16999816894531,52.619998931884766,51.97249984741211,52.55500030517578,4238115,0
2025-11-07 20:30:00+00:00,52.86750030517578,52.915000915527344,52.16749954223633,52.16749954223633,4574479,0
2025-11-10 14:30:00+00:00,55.84585189819336,55.974998474121094,55.14500045776367,55.21500015258789,9061898,0
2025-11-10 15:00:00+00:00,55.88999938964844,56.04249954223633,55.689998626708984,55.84505081176758,8942638,0
2025-11-10 15:30:00+00:00,55.13249969482422,56.025001525878906,55.095001220703125,55.89500045776367,3630266,0
2025-11-10 16:00:00+00:00,54.900001525878906,55.23749923706055,54.82500076293945,55.13999938964844,3313885,0
2025-11-10 16:30:00+00:00,55.147499084472656,55.16999816894531,54.70500183105469,54.89500045776367,2569182,0
2025-11-10 17:00:00+00:00,55.317501068115234,55.47999954223633,55.05495071411133,55.14500045776367,2902631,0
2025-11-10 17:30:00+00:00,55.840049743652344,55.91749954223633,55.337501525878906,55.34000015258789,2372165,0
2025-11-10 18:00:00+00:00,55.814998626708984,55.97999954223633,55.79499816894531,55.845001220703125,1566151,0
2025-11-10 18:30:00+00:00,55.912498474121094,56.13999938964844,55.826900482177734,55.83000183105469,1685539,0
2025-11-10 19:00:00+00:00,56.16749954223633,56.229949951171875,55.8849983215332,55.915000915527344,1350644,0
2025-11-10 19:30:00+00:00,56.26499938964844,56.35499954223633,56.10005187988281,56.165000915527344,1435775,0
2025-11-10 20:00:00+00:00,56.3125,56.43495178222656,56.23500061035156,56.26499938964844,1781442,0
2025-11-10 20:30:00+00:00,56.34749984741211,56.625,56.24250030517578,56.3125,3793506,0
2025-11-11 14:30:00+00:00,55.77384948730469,55.900001525878906,55.334999084472656,55.6349983215332,6426376,0
2025-11-11 15:00:00+00:00,55.23500061035156,55.779048919677734,55.150001525878906,55.76499938964844,13184578,0
2025-11-11 15:30:00+00:00,55.02275085449219,55.279998779296875,54.849998474121094,55.2400016784668,3039815,0
2025-11-11 16:00:00+00:00,55.0099983215332,55.53499984741211,54.98225021362305,55.020050048828125,3518292,0
2025-11-11 16:30:00+00:00,55.002498626708984,55.189998626708984,54.79999923706055,55.02000045776367,10698124,0
2025-11-11 17:00:00+00:00,55.35279846191406,55.564998626708984,54.98249816894531,54.98249816894531,2210004,0
2025-11-11 17:30:00+00:00,55.709999084472656,55.79999923706055,55.34090042114258,55.3650016784668,1794214,0
2025-11-11 18:00:00+00:00,55.868099212646484,56.05500030517578,55.654998779296875,55.69499969482422,2468237,0
2025-11-11 18:30:00+00:00,56.18000030517578,56.209999084472656,55.63505172729492,55.86249923706055,2371024,0
2025-11-11 19:00:00+00:00,55.997501373291016,56.17250061035156,55.86000061035156,56.15999984741211,14241889,0
2025-11-11 19:30:00+00:00,55.99250030517578,56.09000015258789,55.8849983215332,55.994998931884766,1016462,0
2025-11-11 20:00:00+00:00,55.974998474121094,56.119998931884766,55.90010070800781,55.997501373291016,1129282,0
2025-11-11 20:30:00+00:00,55.88999938964844,56.165000915527344,55.71065139770508,55.970001220703125,2584413,0
2025-11-12 14:30:00+00:00,55.560001373291016,56.77000045776367,55.35499954223633,56.76499938964844,8147221,0
2025-11-12 15:00:00+00:00,55.686649322509766,55.9900016784668,55.43000030517578,55.560001373291016,4631600,0
2025-11-12 15:30:00+00:00,55.3025016784668,55.73500061035156,55.150001525878906,55.685001373291016,4598856,0
2025-11-12 16:00:00+00:00,55.470001220703125,55.51499938964844,54.915000915527344,55.317501068115234,11723764,0
2025-11-12 16:30:00+00:00,55.147499084472656,55.63999938964844,54.8650016784668,55.46500015258789,3861088,0
2025-11-12 17:00:00+00:00,55.30500030517578,55.435001373291016,55.07500076293945,55.17499923706055,13320494,0
2025-11-12 17:30:00+00:00,55.650001525878906,55.772499084472656,55.279998779296875,55.307498931884766,3357511,0
2025-11-12 18:00:00+00:00,55.665000915527344,55.78004837036133,55.4900016784668,55.654998779296875,14490106,0
2025-11-12 18:30:00+00:00,55.67005157470703,55.84000015258789,55.52000045776367,55.665000915527344,1715648,0
2025-11-12 19:00:00+00:00,55.45500183105469,55.755001068115234,55.3849983215332,55.6875,1806069,0
2025-11-12 19:30:00+00:00,55.470001220703125,55.608848571777344,55.290000915527344,55.470001220703125,16737668,0
2025-11-12 20:00:00+00:00,55.61249923706055,55.625,55.244998931884766,55.45500183105469,17618790,0
2025-11-12 20:30:00+00:00,55.741249084472656,55.92499923706055,55.54750061035156,55.60499954223633,3891165,0
2025-11-13 14:30:00+00:00,54.16994857788086,54.935001373291016,53.52000045776367,54.790000915527344,9974126,0
2025-11-13 15:00:00+00:00,54.182498931884766,54.91925048828125,53.79499816894531,54.18000030517578,6052533,0
2025-11-13 15:30:00+00:00,53.377498626708984,54.189998626708984,52.96500015258789,54.16999816894531,16505599,0
2025-11-13 16:00:00+00:00,53.149200439453125,53.497501373291016,52.8650016784668,53.3650016784668,4548690,0
2025-11-13 16:30:00+00:00,52.944950103759766,53.400001525878906,52.720001220703125,53.1349983215332,4466466,0
2025-11-13 17:00:00+00:00,53.20500183105469,53.29750061035156,52.665000915527344,52.935001373291016,3750993,0
2025-11-13 17:30:00+00:00,52.56999969482422,53.340049743652344,52.5,53.20249938964844,3724602,0
2025-11-13 18:00:00+00:00,52.154998779296875,52.755001068115234,52.07500076293945,52.595001220703125,4400642,0
2025-11-13 18:30:00+00:00,52.13999938964844,52.19499969482422,51.755001068115234,52.154998779296875,4358273,0
2025-11-13 19:00:00+00:00,52.47930145263672,52.494998931884766,51.79499816894531,52.14500045776367,3755634,0
2025-11-13 19:30:00+00:00,52.02750015258789,52.54750061035156,51.70000076293945,52.47999954223633,4098278,0
2025-11-13 20:00:00+00:00,52.162498474121094,52.20500183105469,51.779998779296875,52.03499984741211,3936036,0
2025-11-13 20:30:00+00:00,52.314998626708984,52.619998931884766,51.896148681640625,52.154998779296875,37761826,0
2025-11-14 14:30:00+00:00,51.439998626708984,51.54249954223633,49.3849983215332,49.9900016784668,18831256,0
2025-11-14 15:00:00+00:00,51.77994918823242,51.88999938964844,50.858699798583984,51.43000030517578,8893944,0
2025-11-14 15:30:00+00:00,52.6150016784668,52.83995056152344,51.58250045776367,51.78499984741211,7720919,0
2025-11-14 16:00:00+00:00,53.220001220703125,53.3849983215332,52.150001525878906,52.6150016784668,26367024,0
2025-11-14 16:30:00+00:00,53.275001525878906,53.375701904296875,52.82500076293945,53.22005081176758,4783082,0
2025-11-14 17:00:00+00:00,53.36000061035156,53.54499816894531,53.105350494384766,53.2599983215332,3406614,0
2025-11-14 17:30:00+00:00,52.9900016784668,53.48749923706055,52.720001220703125,53.36000061035156,3680411,0
2025-11-14 18:00:00+00:00,52.75,53.11249923706055,52.470001220703125,52.97999954223633,4381680,0
2025-11-14 18:30:00+00:00,52.7906494140625,52.949951171875,52.26499938964844,52.7400016784668,3729400,0
2025-11-14 19:00:00+00:00,52.97999954223633,53.09749984741211,52.49250030517578,52.78499984741211,3031983,0
2025-11-14 19:30:00+00:00,53.145450592041016,53.224998474121094,52.85749816894531,52.994998931884766,2559635,0
2025-11-14 20:00:00+00:00,52.60060119628906,53.28919982910156,52.4900016784668,53.150001525878906,3357467,0
2025-11-14 20:30:00+00:00,52.3650016784668,52.739498138427734,52.157501220703125,52.584999084472656,5157683,0
2025-11-17 14:30:00+00:00,52.96500015258789,53.31399917602539,51.44499969482422,51.689998626708984,10467372,0
2025-11-17 15:00:00+00:00,52.58250045776367,53.07500076293945,52.06999969482422,52.959999084472656,5999505,0
2025-11-17 15:30:00+00:00,52.23500061035156,52.70249938964844,52.095001220703125,52.57500076293945,4408937,0
2025-11-17 16:00:00+00:00,52.15999984741211,52.32500076293945,51.38999938964844,52.220001220703125,5072306,0
2025-11-17 16:30:00+00:00,52.95000076293945,52.96500015258789,52.1349983215332,52.16559982299805,4169714,0
2025-11-17 17:00:00+00:00,52.654998779296875,52.959999084472656,52.48749923706055,52.94499969482422,2856099,0
2025-11-17 17:30:00+00:00,51.71950149536133,52.75,51.71500015258789,52.65999984741211,19677059,0
2025-11-17 18:00:00+00:00,51.622501373291016,51.82500076293945,51.45000076293945,51.7400016784668,3432428,0
2025-11-17 18:30:00+00:00,51.07500076293945,52.04505157470703,51.0260009765625,51.61000061035156,4048932,0
2025-11-17 19:00:00+00:00,50.89994812011719,51.17499923706055,50.6349983215332,51.07500076293945,4383867,0
2025-11-17 19:30:00+00:00,50.20000076293945,51.0099983215332,50.192501068115234,50.897499084472656,28054714,0
2025-11-17 20:00:00+00:00,50.39500045776367,50.5525016784668,50.05500030517578,50.189998626708984,4402365,0
2025-11-17 20:30:00+00:00,51.01499938964844,51.0400505065918,50.23500061035156,50.40999984741211,5478045,0
2025-11-18 14:30:00+00:00,48.78499984741211,50.66999816894531,48.775001525878906,49.98500061035156,25918281,0
2025-11-18 15:00:00+00:00,48.915748596191406,49.310001373291016,48.21500015258789,48.779998779296875,9178119,0
2025-11-18 15:30:00+00:00,48.38935089111328,49.19499969482422,48.26665115356445,48.91999816894531,7709224,0
2025-11-18 16:00:00+00:00,49.550048828125,49.6650505065918,47.900001525878906,48.38999938964844,8944842,0
2025-11-18 16:30:00+00:00,49.588050842285156,49.845001220703125,49.369998931884766,49.54574966430664,26544384,0
2025-11-18 17:00:00+00:00,48.849998474121094,49.81999969482422,48.814998626708984,49.56999969482422,5962488,0
2025-11-18 17:30:00+00:00,50.189998626708984,50.375,48.599998474121094,48.845001220703125,7929924,0
2025-11-18 18:00:00+00:00,50.040000915527344,50.4275016784668,50.00749969482422,50.20000076293945,4680201,0
2025-11-18 18:30:00+00:00,49.925201416015625,50.5,49.81999969482422,50.060001373291016,4412683,0
2025-11-18 19:00:00+00:00,49.935001373291016,50.31999969482422,49.834999084472656,49.939998626708984,3756430,0
2025-11-18 19:30:00+00:00,50.334999084472656,50.540000915527344,49.78499984741211,49.95000076293945,5071060,0
2025-11-18 20:00:00+00:00,49.83000183105469,50.45500183105469,49.53499984741211,50.334999084472656,4796369,0
2025-11-18 20:30:00+00:00,49.15250015258789,49.92499923706055,49.119998931884766,49.83000183105469,7039458,0
2025-11-19 14:30:00+00:00,51.01499938964844,51.060001373291016,49.099998474121094,49.32500076293945,10040704,0
2025-11-19 15:00:00+00:00,51.37495040893555,51.57500076293945,50.939998626708984,51.01504898071289,6910562,0
2025-11-19 15:30:00+00:00,50.277099609375,51.46500015258789,50.14550018310547,51.38249969482422,5690778,0
2025-11-19 16:00:00+00:00,49.901798248291016,50.375,49.6349983215332,50.275001525878906,5822939,0
2025-11-19 16:30:00+00:00,49.959999084472656,50.005001068115234,49.560001373291016,49.915000915527344,3857911,0
2025-11-19 17:00:00+00:00,49.45500183105469,49.98500061035156,49.150001525878906,49.94499969482422,3941828,0
2025-11-19 17:30:00+00:00,49.470001220703125,49.60499954223633,48.71500015258789,49.442501068115234,4833494,0
2025-11-19 18:00:00+00:00,49.25,49.782501220703125,49.22999954223633,49.45500183105469,3324009,0
2025-11-19 18:30:00+00:00,49.78499984741211,49.935001373291016,49.189998626708984,49.23500061035156,2929114,0
2025-11-19 19:00:00+00:00,49.224998474121094,49.86000061035156,49.125,49.80500030517578,3157549,0
2025-11-19 19:30:00+00:00,49.60749816894531,49.852500915527344,49.08530044555664,49.220001220703125,2019635,0
2025-11-19 20:00:00+00:00,50.282501220703125,50.4900016784668,49.53435134887695,49.599998474121094,3396108,0
2025-11-19 20:30:00+00:00,49.994998931884766,50.625,49.775001525878906,50.28499984741211,5069691,0
2025-11-20 14:30:00+00:00,53.33000183105469,53.43000030517578,52.560001373291016,52.959999084472656,13678150,0
2025-11-20 15:00:00+00:00,53.224998474121094,53.47999954223633,52.61000061035156,53.33000183105469,13629551,0
2025-11-20 15:30:00+00:00,52.655601501464844,53.540000915527344,52.619998931884766,53.23500061035156,4718072,0
2025-11-20 16:00:00+00:00,51.11989974975586,52.66999816894531,51.0,52.65999984741211,11409022,0
2025-11-20 16:30:00+00:00,48.97420120239258,51.25,48.720001220703125,51.099998474121094,14745368,0
2025-11-20 17:00:00+00:00,48.36000061035156,49.52000045776367,47.77000045776367,48.970001220703125,35621447,0
2025-11-20 17:30:00+00:00,48.017601013183594,48.65999984741211,47.5,48.31999969482422,61971929,0
2025-11-20 18:00:00+00:00,48.65999984741211,49.27000045776367,47.849998474121094,48.02000045776367,41944201,0
2025-11-20 18:30:00+00:00,47.334999084472656,48.79999923706055,47.0620002746582,48.650001525878906,7840910,0
2025-11-20 19:00:00+00:00,47.7400016784668,47.880001068115234,46.880001068115234,47.311500549316406,7159431,0
2025-11-20 19:30:00+00:00,48.040000915527344,48.0629997253418,47.20289993286133,47.724998474121094,5905601,0
2025-11-20 20:00:00+00:00,47.400001525878906,48.029998779296875,47.09000015258789,48.029998779296875,47146934,0
2025-11-20 20:30:00+00:00,46.439998626708984,47.5,46.22999954223633,47.400001525878906,11748713,0
2025-11-21 14:30:00+00:00,46.670101165771484,47.38999938964844,46.255001068115234,46.82500076293945,26203317,0
2025-11-21 15:00:00+00:00,45.91999816894531,46.9900016784668,45.8129997253418,46.7400016784668,31919676,0
2025-11-21 15:30:00+00:00,45.78499984741211,46.27000045776367,45.2400016784668,45.91999816894531,13773256,0
2025-11-21 16:00:00+00:00,46.685001373291016,46.689998626708984,45.4900016784668,45.779998779296875,9924704,0
2025-11-21 16:30:00+00:00,47.814998626708984,47.83000183105469,46.47119903564453,46.68000030517578,39048136,0
2025-11-21 17:00:00+00:00,47.73500061035156,47.93000030517578,47.439998626708984,47.810001373291016,8140864,0
2025-11-21 17:30:00+00:00,47.685001373291016,48.060001373291016,47.58000183105469,47.720001220703125,5623203,0
2025-11-21 18:00:00+00:00,47.189998626708984,47.744998931884766,46.83000183105469,47.68000030517578,42940755,0
2025-11-21 18:30:00+00:00,48.404998779296875,48.869998931884766,47.099998474121094,47.18000030517578,47434448,0
2025-11-21 19:00:00+00:00,49.005001068115234,49.099998474121094,48.380001068115234,48.40999984741211,6474126,0
2025-11-21 19:30:00+00:00,48.29999923706055,49.08000183105469,48.12200164794922,49.0098991394043,5077815,0
2025-11-21 20:00:00+00:00,47.90570068359375,48.529998779296875,47.90570068359375,48.310001373291016,4646208,0
2025-11-21 20:30:00+00:00,47.5,48.275001525878906,47.310001373291016,47.900001525878906,8053041,0
2025-11-24 14:30:00+00:00,49.645599365234375,49.86000061035156,48.68000030517578,48.70000076293945,19038702,0
2025-11-24 15:00:00+00:00,49.970001220703125,50.13999938964844,49.529998779296875,49.63999938964844,21128389,0
2025-11-24 15:30:00+00:00,50.20000076293945,50.41999816894531,49.790000915527344,49.959999084472656,4720446,0
2025-11-24 16:00:00+00:00,50.70500183105469,50.79999923706055,50.189998626708984,50.189998626708984,4718693,0
2025-11-24 16:30:00+00:00,50.584999084472656,50.84000015258789,50.52000045776367,50.70000076293945,3910098,0
2025-11-24 17:00:00+00:00,50.810001373291016,50.85540008544922,50.48500061035156,50.59000015258789,2895480,0
2025-11-24 17:30:00+00:00,51.025001525878906,51.1349983215332,50.80500030517578,50.810001373291016,19598444,0
2025-11-24 18:00:00+00:00,51.087398529052734,51.220001220703125,51.0099983215332,51.02000045776367,2171321,0
2025-11-24 18:30:00+00:00,51.060001373291016,51.14500045776367,50.9900016784668,51.088600158691406,2010341,0
2025-11-24 19:00:00+00:00,51.09000015258789,51.2599983215332,51.040000915527344,51.05500030517578,2063079,0
2025-11-24 19:30:00+00:00,50.97999954223633,51.130001068115234,50.86410140991211,51.099998474121094,23171558,0
2025-11-24 20:00:00+00:00,51.130001068115234,51.27000045776367,50.97999954223633,50.98500061035156,23364350,0
2025-11-24 20:30:00+00:00,51.130001068115234,51.45000076293945,51.06990051269531,51.119998931884766,6771258,0
2025-11-25 14:30:00+00:00,50.40010070800781,50.779998779296875,49.08000183105469,50.63999938964844,17032778,0
2025-11-25 15:00:00+00:00,50.182899475097656,50.439998626708984,49.40999984741211,50.400001525878906,20242013,0
2025-11-25 15:30:00+00:00,50.415000915527344,50.7598991394043,50.064701080322266,50.18000030517578,7625327,0
2025-11-25 16:00:00+00:00,50.625,50.79999923706055,50.13999938964844,50.40999984741211,5714153,0
2025-11-25 16:30:00+00:00,50.904998779296875,50.9900016784668,50.54119873046875,50.630001068115234,3842605,0
2025-11-25 17:00:00+00:00,51.474998474121094,51.625,50.869998931884766,50.900001525878906,23076929,0
2025-11-25 17:30:00+00:00,51.431400299072266,51.88999938964844,51.369998931884766,51.47999954223633,4091798,0
2025-11-25 18:00:00+00:00,51.65999984741211,51.65999984741211,51.41999816894531,51.45500183105469,2370573,0
2025-11-25 18:30:00+00:00,51.67499923706055,51.83000183105469,51.529998779296875,51.665000915527344,2277904,0
2025-11-25 19:00:00+00:00,51.41550064086914,51.73500061035156,51.25,51.66999816894531,25857183,0
2025-11-25 19:30:00+00:00,51.61000061035156,51.64649963378906,51.13999938964844,51.41999816894531,2608679,0
2025-11-25 20:00:00+00:00,51.814998626708984,51.849998474121094,51.61000061035156,51.61000061035156,2260880,0
2025-11-25 20:30:00+00:00,52.025001525878906,52.36000061035156,51.81999969482422,51.82500076293945,7365872,0
2025-11-26 14:30:00+00:00,52.564998626708984,53.26499938964844,52.4900016784668,52.93199920654297,12210040,0
2025-11-26 15:00:00+00:00,52.710601806640625,52.90999984741211,52.37009811401367,52.560001373291016,6130341,0
2025-11-26 15:30:00+00:00,53.1953010559082,53.209999084472656,52.709999084472656,52.709999084472656,13707347,0
2025-11-26 16:00:00+00:00,53.540000915527344,53.630001068115234,53.16999816894531,53.19499969482422,4564566,0
2025-11-26 16:30:00+00:00,53.72999954223633,53.85499954223633,53.45009994506836,53.540000915527344,3802041,0
2025-11-26 17:00:00+00:00,53.62779998779297,53.77000045776367,53.470001220703125,53.72999954223633,2787152,0
2025-11-26 17:30:00+00:00,53.63010025024414,53.81999969482422,53.59510040283203,53.619998931884766,2178707,0
2025-11-26 18:00:00+00:00,53.679901123046875,53.7599983215332,53.28450012207031,53.6349983215332,3142502,0
2025-11-26 18:30:00+00:00,53.4900016784668,53.689998626708984,53.29999923706055,53.68000030517578,2700997,0
2025-11-26 19:00:00+00:00,53.66999816894531,53.689998626708984,53.380001068115234,53.4900016784668,2627630,0
2025-11-26 19:30:00+00:00,53.599998474121094,53.7400016784668,53.45000076293945,53.67499923706055,2211150,0
2025-11-26 20:00:00+00:00,53.68560028076172,53.77000045776367,53.52000045776367,53.599998474121094,22102690,0
2025-11-26 20:30:00+00:00,53.38999938964844,53.720001220703125,53.36000061035156,53.685001373291016,3736270,0
2025-11-28 14:30:00+00:00,53.85499954223633,54.189998626708984,53.625,53.841400146484375,7397279,0
2025-11-28 15:00:00+00:00,53.849998474121094,54.060001373291016,53.75,53.85499954223633,3909241,0
2025-11-28 15:30:00+00:00,54.09000015258789,54.17499923706055,53.79199981689453,53.849998474121094,2527394,0
2025-11-28 16:00:00+00:00,53.97999954223633,54.27000045776367,53.84000015258789,54.099998474121094,2538009,0
2025-11-28 16:30:00+00:00,54.209999084472656,54.2400016784668,53.88090133666992,53.974998474121094,2289089,0
2025-11-28 17:00:00+00:00,54.165000915527344,54.290000915527344,54.06999969482422,54.20000076293945,2207298,0
2025-11-28 17:30:00+00:00,54.59000015258789,54.599998474121094,54.0,54.16019821166992,3893573,0
2025-12-01 14:30:00+00:00,53.810001373291016,53.90999984741211,52.81999969482422,53.11000061035156,13153648,0
2025-12-01 15:00:00+00:00,53.55009841918945,53.970001220703125,53.459999084472656,53.84000015258789,4500154,0
2025-12-01 15:30:00+00:00,54.125,54.16999816894531,53.20000076293945,53.54999923706055,4660920,0
2025-12-01 16:00:00+00:00,53.927101135253906,54.15999984741211,53.54999923706055,54.119998931884766,3460936,0
2025-12-01 16:30:00+00:00,54.26499938964844,54.3650016784668,53.910099029541016,53.91999816894531,2842165,0
2025-12-01 17:00:00+00:00,54.3754997253418,54.459999084472656,54.130001068115234,54.255001068115234,2107168,0
2025-12-01 17:30:00+00:00,54.3650016784668,54.650001525878906,54.310001373291016,54.375,2219930,0
2025-12-01 18:00:00+00:00,54.439998626708984,54.58000183105469,54.341800689697266,54.369998931884766,1267403,0
2025-12-01 18:30:00+00:00,54.595001220703125,54.630001068115234,54.439998626708984,54.44820022583008,1116310,0
2025-12-01 19:00:00+00:00,54.01499938964844,54.599998474121094,53.97999954223633,54.59000015258789,2961814,0
2025-12-01 19:30:00+00:00,53.877899169921875,54.13999938964844,53.7599983215332,54.01499938964844,2920173,0
2025-12-01 20:00:00+00:00,54.04999923706055,54.130001068115234,53.83000183105469,53.86000061035156,2030629,0
2025-12-01 20:30:00+00:00,54.060001373291016,54.18000030517578,53.810001373291016,54.04990005493164,3606963,0
2025-12-02 14:30:00+00:00,55.30350112915039,55.400001525878906,54.51499938964844,54.630001068115234,10437308,0
2025-12-02 15:00:00+00:00,55.141300201416016,55.65999984741211,55.099998474121094,55.310001373291016,4682643,0
2025-12-02 15:30:00+00:00,55.616600036621094,55.7599983215332,54.880001068115234,55.13999938964844,5980665,0
2025-12-02 16:00:00+00:00,54.43000030517578,55.720001220703125,54.32500076293945,55.619998931884766,7067956,0
2025-12-02 16:30:00+00:00,54.75,54.90999984741211,54.144100189208984,54.43000030517578,5998933,0
2025-12-02 17:00:00+00:00,55.349998474121094,55.40999984741211,54.720001220703125,54.7400016784668,3635234,0
2025-12-02 17:30:00+00:00,54.7224006652832,55.470001220703125,54.720699310302734,55.35820007324219,3216697,0
2025-12-02 18:00:00+00:00,55.09000015258789,55.22999954223633,54.65999984741211,54.720001220703125,3437652,0
2025-12-02 18:30:00+00:00,55.17499923706055,55.2400016784668,54.869998931884766,55.08000183105469,2894857,0
2025-12-02 19:00:00+00:00,55.22010040283203,55.380001068115234,55.08000183105469,55.16999816894531,2776278,0
2025-12-02 19:30:00+00:00,55.525001525878906,55.59000015258789,55.18000030517578,55.220001220703125,2463074,0
2025-12-02 20:00:00+00:00,55.53010177612305,55.564998626708984,55.414100646972656,55.529998779296875,19015800,0
2025-12-02 20:30:00+00:00,55.314998626708984,55.619998931884766,55.25,55.529998779296875,4270319,0
2025-12-03 14:30:00+00:00,54.66999816894531,54.93000030517578,54.23270034790039,54.65999984741211,14146563,0
2025-12-03 15:00:00+00:00,54.869998931884766,55.15999984741211,54.599998474121094,54.689998626708984,14294108,0
2025-12-03 15:30:00+00:00,55.095001220703125,55.36000061035156,54.69499969482422,54.86989974975586,5689362,0
2025-12-03 16:00:00+00:00,55.1150016784668,55.33000183105469,54.820098876953125,55.09000015258789,14757913,0
2025-12-03 16:30:00+00:00,55.07099914550781,55.46989822387695,54.8849983215332,55.1150016784668,3284906,0
2025-12-03 17:00:00+00:00,55.459999084472656,55.529998779296875,55.04499816894531,55.084999084472656,17884456,0
2025-12-03 17:30:00+00:00,55.49449920654297,55.564998626708984,55.31999969482422,55.45000076293945,1327707,0
2025-12-03 18:00:00+00:00,55.5,55.58000183105469,55.380001068115234,55.4900016784668,1507412,0
2025-12-03 18:30:00+00:00,55.525001525878906,55.68000030517578,55.47999954223633,55.5099983215332,1771136,0
2025-12-03 19:00:00+00:00,55.6349983215332,55.70000076293945,55.5,55.52000045776367,18809832,0
2025-12-03 19:30:00+00:00,55.77000045776367,55.79999923706055,55.595001220703125,55.650001525878906,1288037,0
2025-12-03 20:00:00+00:00,55.8650016784668,55.880001068115234,55.713199615478516,55.779998779296875,19875155,0
2025-12-03 20:30:00+00:00,55.70000076293945,55.86000061035156,55.59000015258789,55.86000061035156,23425488,0
2025-12-04 14:30:00+00:00,55.04999923706055,56.029998779296875,54.95500183105469,56.029998779296875,10049028,0
2025-12-04 15:00:00+00:00,55.27799987792969,55.33000183105469,54.81999969482422,55.04999923706055,5778868,0
2025-12-04 15:30:00+00:00,55.13999938964844,55.589900970458984,55.119998931884766,55.28499984741211,4486920,0
2025-12-04 16:00:00+00:00,55.229000091552734,55.31999969482422,54.720001220703125,55.13999938964844,4111570,0
2025-12-04 16:30:00+00:00,55.60860061645508,55.650001525878906,55.11000061035156,55.220001220703125,3071949,0
2025-12-04 17:00:00+00:00,55.34519958496094,55.65999984741211,55.31990051269531,55.599998474121094,2495138,0
2025-12-04 17:30:00+00:00,55.45000076293945,55.4900016784668,55.2400016784668,55.34000015258789,1794429,0
2025-12-04 18:00:00+00:00,55.47740173339844,55.5,55.16999816894531,55.43989944458008,1894415,0
2025-12-04 18:30:00+00:00,55.36000061035156,55.539398193359375,55.290000915527344,55.470001220703125,1411538,0
2025-12-04 19:00:00+00:00,54.88999938964844,55.40999984741211,54.61000061035156,55.35499954223633,3865759,0
2025-12-04 19:30:00+00:00,55.2599983215332,55.400001525878906,54.84199905395508,54.88999938964844,2780991,0
2025-12-04 20:00:00+00:00,55.09000015258789,55.279998779296875,55.01860046386719,55.2599983215332,2210213,0
2025-12-04 20:30:00+00:00,55.5,55.529998779296875,55.060001373291016,55.08000183105469,3288218,0
2025-12-05 14:30:00+00:00,56.56999969482422,56.65999984741211,55.83000183105469,55.8650016784668,12252343,0
2025-12-05 15:00:00+00:00,56.879798889160156,57.08000183105469,56.41999816894531,56.56999969482422,6019610,0
2025-12-05 15:30:00+00:00,56.2765998840332,57.029998779296875,56.060001373291016,56.869998931884766,5226817,0
2025-12-05 16:00:00+00:00,55.9900016784668,56.439998626708984,55.88999938964844,56.2599983215332,5381766,0
2025-12-05 16:30:00+00:00,56.18870162963867,56.38999938964844,55.68000030517578,55.97999954223633,4455424,0
2025-12-05 17:00:00+00:00,55.96009826660156,56.239898681640625,55.939998626708984,56.18000030517578,2527101,0
2025-12-05 17:30:00+00:00,56.189998626708984,56.2598991394043,55.775001525878906,55.970001220703125,2283086,0
2025-12-05 18:00:00+00:00,56.279998779296875,56.29840087890625,55.999900817871094,56.20000076293945,1800422,0
2025-12-05 18:30:00+00:00,56.16350173950195,56.369998931884766,56.119998931884766,56.27000045776367,1958032,0
2025-12-05 19:00:00+00:00,56.140098571777344,56.2599983215332,56.040000915527344,56.18000030517578,1988199,0
2025-12-05 19:30:00+00:00,56.2400016784668,56.27899932861328,56.0099983215332,56.150001525878906,1756016,0
2025-12-05 20:00:00+00:00,56.15999984741211,56.25,56.0703010559082,56.22999954223633,20321322,0
2025-12-05 20:30:00+00:00,56.150001525878906,56.244998931884766,55.84000015258789,56.150001525878906,3872978,0
2025-12-08 14:30:00+00:00,56.290000915527344,57.040000915527344,56.150001525878906,56.57500076293945,10291668,0
2025-12-08 15:00:00+00:00,56.0099983215332,56.505001068115234,55.72999954223633,56.29999923706055,6125971,0
2025-12-08 15:30:00+00:00,55.755001068115234,56.15060043334961,55.66999816894531,56.005001068115234,4474717,0
2025-12-08 16:00:00+00:00,55.769901275634766,55.81999969482422,55.529998779296875,55.741798400878906,4597304,0
2025-12-08 16:30:00+00:00,55.599998474121094,55.810001373291016,55.54999923706055,55.7599983215332,2288270,0
2025-12-08 17:00:00+00:00,55.46500015258789,55.650001525878906,55.310001373291016,55.599998474121094,2719906,0
2025-12-08 17:30:00+00:00,55.880001068115234,55.939998626708984,55.43000030517578,55.45500183105469,3109542,0
2025-12-08 18:00:00+00:00,55.54999923706055,55.97999954223633,55.529998779296875,55.880001068115234,3105498,0
2025-12-08 18:30:00+00:00,55.290000915527344,55.619998931884766,55.119998931884766,55.52000045776367,3005144,0
2025-12-08 19:00:00+00:00,55.334999084472656,55.40769958496094,55.130001068115234,55.29999923706055,2231930,0
2025-12-08 19:30:00+00:00,55.28499984741211,55.489898681640625,55.25,55.329898834228516,1546246,0
2025-12-08 20:00:00+00:00,55.43880081176758,55.45000076293945,55.2234992980957,55.29499816894531,1478765,0
2025-12-08 20:30:00+00:00,55.790401458740234,55.80500030517578,55.275001525878906,55.439998626708984,3532336,0
2025-12-09 14:30:00+00:00,55.540000915527344,55.79999923706055,55.09000015258789,55.79999923706055,7986383,0
2025-12-09 15:00:00+00:00,55.71009826660156,55.799598693847656,55.45000076293945,55.54999923706055,3465935,0
2025-12-09 15:30:00+00:00,55.898799896240234,55.900001525878906,55.58000183105469,55.720001220703125,2941165,0
2025-12-09 16:00:00+00:00,55.92449951171875,56.060001373291016,55.86000061035156,55.898799896240234,2511267,0
2025-12-09 16:30:00+00:00,56.060001373291016,56.099998474121094,55.79499816894531,55.93000030517578,2250819,0
2025-12-09 17:00:00+00:00,56.040000915527344,56.20500183105469,55.935001373291016,56.054500579833984,1654171,0
2025-12-09 17:30:00+00:00,56.1150016784668,56.119998931884766,55.93000030517578,56.040000915527344,1966722,0
2025-12-09 18:00:00+00:00,56.15999984741211,56.20000076293945,56.02000045776367,56.1150016784668,1214444,0
2025-12-09 18:30:00+00:00,56.13990020751953,56.220001220703125,55.93000030517578,56.154998779296875,1818071,0
2025-12-09 19:00:00+00:00,56.060001373291016,56.14849853515625,55.98440170288086,56.13990020751953,1428281,0
2025-12-09 19:30:00+00:00,56.019901275634766,56.10499954223633,55.88999938964844,56.06999969482422,1252131,0
2025-12-09 20:00:00+00:00,55.97999954223633,56.084999084472656,55.95000076293945,56.019901275634766,1259200,0
2025-12-09 20:30:00+00:00,56.01499938964844,56.13990020751953,55.79999923706055,55.97999954223633,16579284,0
2025-12-10 14:30:00+00:00,55.580101013183594,55.829498291015625,55.14120101928711,55.630001068115234,9388355,0
2025-12-10 15:00:00+00:00,55.5900993347168,55.72760009765625,55.39500045776367,55.54999923706055,2939261,0
2025-12-10 15:30:00+00:00,55.14500045776367,55.62990188598633,55.040000915527344,55.59000015258789,3883085,0
2025-12-10 16:00:00+00:00,55.665000915527344,55.689998626708984,54.88999938964844,55.150001525878906,4206476,0
2025-12-10 16:30:00+00:00,55.683998107910156,55.72809982299805,55.41999816894531,55.65999984741211,24226042,0
2025-12-10 17:00:00+00:00,55.51499938964844,55.71549987792969,55.459999084472656,55.68000030517578,1178476,0
2025-12-10 17:30:00+00:00,55.779998779296875,55.880001068115234,55.47090148925781,55.5099983215332,1993050,0
2025-12-10 18:00:00+00:00,55.39690017700195,55.790000915527344,55.33000183105469,55.77000045776367,1753242,0
2025-12-10 18:30:00+00:00,55.459999084472656,55.560001373291016,55.31999969482422,55.38999938964844,2212573,0
2025-12-10 19:00:00+00:00,55.79880142211914,56.27000045776367,55.404998779296875,55.45500183105469,10494780,0
2025-12-10 19:30:00+00:00,56.814998626708984,56.880001068115234,55.45000076293945,55.79999923706055,14689997,0
2025-12-10 20:00:00+00:00,56.89500045776367,57.09000015258789,56.56999969482422,56.814998626708984,7177529,0
2025-12-10 20:30:00+00:00,56.665000915527344,57.064998626708984,56.61000061035156,56.88999938964844,5412417,0
2025-12-11 14:30:00+00:00,54.12009811401367,55.66999816894531,54.05379867553711,55.630001068115234,16122914,0
2025-12-11 15:00:00+00:00,55.349998474121094,55.54010009765625,53.97999954223633,54.14580154418945,10388736,0
2025-12-11 15:30:00+00:00,54.90039825439453,55.42499923706055,54.415000915527344,55.349998474121094,6299391,0
2025-12-11 16:00:00+00:00,54.4901008605957,55.11000061035156,54.415000915527344,54.88999938964844,4262140,0
2025-12-11 16:30:00+00:00,54.71500015258789,55.290000915527344,54.470001220703125,54.470001220703125,4234277,0
2025-12-11 17:00:00+00:00,55.38010025024414,55.5900993347168,54.66999816894531,54.71500015258789,3780254,0
2025-12-11 17:30:00+00:00,55.31050109863281,55.667598724365234,55.220001220703125,55.38999938964844,3171529,0
2025-12-11 18:00:00+00:00,55.50199890136719,55.650001525878906,55.241600036621094,55.29999923706055,2732080,0
2025-12-11 18:30:00+00:00,55.606201171875,55.91999816894531,55.439998626708984,55.47999954223633,3252138,0
2025-12-11 19:00:00+00:00,55.9994010925293,56.02000045776367,55.595001220703125,55.61000061035156,2802506,0
2025-12-11 19:30:00+00:00,55.95000076293945,56.15999984741211,55.939998626708984,56.0,28985747,0
2025-12-11 20:00:00+00:00,55.8650016784668,56.06999969482422,55.849998474121094,55.94990158081055,1903702,0
2025-12-11 20:30:00+00:00,56.10499954223633,56.1349983215332,55.750099182128906,55.865501403808594,4351428,0
2025-12-12 14:30:00+00:00,55.11000061035156,55.52000045776367,54.744998931884766,55.099998474121094,11662480,0
2025-12-12 15:00:00+00:00,53.55120086669922,55.11000061035156,53.529998779296875,55.09000015258789,9981456,0
2025-12-12 15:30:00+00:00,53.03499984741211,54.099998474121094,52.86130142211914,53.54999923706055,11682229,0
2025-12-12 16:00:00+00:00,52.93000030517578,53.269901275634766,52.33000183105469,53.029998779296875,14178963,0
2025-12-12 16:30:00+00:00,52.61000061035156,52.93000030517578,52.22999954223633,52.93000030517578,6684183,0
2025-12-12 17:00:00+00:00,52.93000030517578,53.41999816894531,52.529998779296875,52.595001220703125,7646668,0
2025-12-12 17:30:00+00:00,53.27109909057617,53.48500061035156,52.72999954223633,52.910301208496094,4820093,0
2025-12-12 18:00:00+00:00,53.68000030517578,53.869998931884766,53.18000030517578,53.279998779296875,37300894,0
2025-12-12 18:30:00+00:00,53.27000045776367,53.709999084472656,53.25,53.66999816894531,3254798,0
2025-12-12 19:00:00+00:00,52.935001373291016,53.31999969482422,52.86000061035156,53.275001525878906,3549968,0
2025-12-12 19:30:00+00:00,53.055599212646484,53.189998626708984,52.91999816894531,52.93000030517578,2536787,0
2025-12-12 20:00:00+00:00,52.82500076293945,53.119998931884766,52.790000915527344,53.064998626708984,44243693,0
2025-12-12 20:30:00+00:00,52.82500076293945,52.90999984741211,52.40999984741211,52.83000183105469,6569422,0
2025-12-15 14:30:00+00:00,52.90999984741211,54.0,52.83000183105469,54.0,13927357,0
2025-12-15 15:00:00+00:00,51.920101165771484,52.96480178833008,51.720001220703125,52.900001525878906,16900968,0
2025-12-15 15:30:00+00:00,52.45989990234375,52.73500061035156,51.84360122680664,51.935001373291016,8759850,0
2025-12-15 16:00:00+00:00,53.09000015258789,53.15999984741211,52.260501861572266,52.45000076293945,18349007,0
2025-12-15 16:30:00+00:00,52.51449966430664,53.128700256347656,52.2400016784668,53.099998474121094,5874002,0
2025-12-15 17:00:00+00:00,52.42179870605469,52.61000061035156,52.30500030517578,52.52000045776367,19192219,0
2025-12-15 17:30:00+00:00,52.31439971923828,52.65999984741211,52.02870178222656,52.43000030517578,4002154,0
2025-12-15 18:00:00+00:00,52.1150016784668,52.516998291015625,52.029998779296875,52.310001373291016,2870673,0
2025-12-15 18:30:00+00:00,52.45000076293945,52.54999923706055,52.0,52.11000061035156,3030676,0
2025-12-15 19:00:00+00:00,52.345001220703125,52.630001068115234,52.27000045776367,52.439998626708984,2191748,0
2025-12-15 19:30:00+00:00,52.439998626708984,52.459999084472656,52.15999984741211,52.34519958496094,23264303,0
2025-12-15 20:00:00+00:00,52.22999954223633,52.470001220703125,52.150001525878906,52.43000030517578,2824481,0
2025-12-15 20:30:00+00:00,52.01499938964844,52.279998779296875,52.0,52.2400016784668,4939822,0
2025-12-16 14:30:00+00:00,52.41999816894531,52.45500183105469,51.26060104370117,51.43000030517578,15767824,0
2025-12-16 15:00:00+00:00,51.505001068115234,52.5099983215332,51.095001220703125,52.43000030517578,9278546,0
2025-12-16 15:30:00+00:00,51.994998931884766,52.099998474121094,51.20000076293945,51.4900016784668,6939189,0
2025-12-16 16:00:00+00:00,51.45000076293945,52.119998931884766,51.33000183105469,51.9900016784668,4840598,0
2025-12-16 16:30:00+00:00,52.064998626708984,52.095001220703125,51.33000183105469,51.44499969482422,4364185,0
2025-12-16 17:00:00+00:00,51.69499969482422,52.18199920654297,51.599998474121094,52.06999969482422,21982043,0
2025-12-16 17:30:00+00:00,51.25519943237305,51.970001220703125,51.21500015258789,51.68880081176758,3083094,0
2025-12-16 18:00:00+00:00,51.2599983215332,51.459999084472656,51.099998474121094,51.25,4098884,0
2025-12-16 18:30:00+00:00,51.95000076293945,52.15999984741211,51.26470184326172,51.27989959716797,4607443,0
2025-12-16 19:00:00+00:00,51.767799377441406,51.959999084472656,51.40999984741211,51.939998626708984,3782198,0
2025-12-16 19:30:00+00:00,51.992000579833984,52.189998626708984,51.70000076293945,51.7599983215332,3396627,0
2025-12-16 20:00:00+00:00,52.334999084472656,52.349998474121094,51.94499969482422,51.9900016784668,2830066,0
2025-12-16 20:30:00+00:00,52.33539962768555,52.76839828491211,52.32059860229492,52.33000183105469,35279642,0
2025-12-17 14:30:00+00:00,52.130001068115234,52.799400329589844,51.580299377441406,52.64500045776367,13398581,0
2025-12-17 15:00:00+00:00,52.04999923706055,52.209999084472656,51.790000915527344,52.130001068115234,6966723,0
2025-12-17 15:30:00+00:00,50.45500183105469,52.119998931884766,50.290000915527344,52.04759979248047,13099780,0
2025-12-17 16:00:00+00:00,50.5,50.84000015258789,50.13880157470703,50.44770050048828,9201590,0
2025-12-17 16:30:00+00:00,50.31999969482422,50.5099983215332,50.0,50.5099983215332,7223976,0
2025-12-17 17:00:00+00:00,50.349998474121094,50.58000183105469,50.0,50.314998626708984,5419889,0
2025-12-17 17:30:00+00:00,50.2400016784668,50.60900115966797,50.0,50.36000061035156,4115416,0
2025-12-17 18:00:00+00:00,50.17499923706055,50.58000183105469,50.04999923706055,50.2599983215332,3745106,0
2025-12-17 18:30:00+00:00,49.837799072265625,50.20940017700195,49.70000076293945,50.16709899902344,4843454,0
2025-12-17 19:00:00+00:00,49.737300872802734,49.90999984741211,49.70000076293945,49.83000183105469,3259544,0
2025-12-17 19:30:00+00:00,49.95000076293945,50.02000045776367,49.61000061035156,49.72999954223633,3510104,0
2025-12-17 20:00:00+00:00,49.805599212646484,50.0,49.720001220703125,49.95000076293945,2660761,0
2025-12-17 20:30:00+00:00,49.38999938964844,49.912498474121094,49.369998931884766,49.81999969482422,7232862,0
2025-12-18 14:30:00+00:00,51.66999816894531,51.974998474121094,50.97999954223633,51.66999816894531,27085520,0
2025-12-18 15:00:00+00:00,51.939998626708984,52.029998779296875,51.06129837036133,51.66450119018555,22436003,0
2025-12-18 15:30:00+00:00,52.189998626708984,52.439998626708984,51.86000061035156,51.95000076293945,5084472,0
2025-12-18 16:00:00+00:00,52.119998931884766,52.459999084472656,52.06990051269531,52.189998626708984,4449900,0
2025-12-18 16:30:00+00:00,52.309898376464844,52.45500183105469,52.10499954223633,52.119998931884766,2693598,0
2025-12-18 17:00:00+00:00,51.40340042114258,52.29999923706055,51.130001068115234,52.29499816894531,7529645,0
2025-12-18 17:30:00+00:00,52.121700286865234,52.17580032348633,51.310001373291016,51.38999938964844,5776942,0
2025-12-18 18:00:00+00:00,52.16999816894531,52.25,51.900001525878906,52.130001068115234,2439794,0
2025-12-18 18:30:00+00:00,52.04499816894531,52.400001525878906,52.0099983215332,52.18000030517578,2812150,0
2025-12-18 19:00:00+00:00,51.689998626708984,52.045799255371094,51.54499816894531,52.040000915527344,3832772,0
2025-12-18 19:30:00+00:00,51.28990173339844,51.720001220703125,51.189998626708984,51.689998626708984,3998296,0
2025-12-18 20:00:00+00:00,51.84659957885742,51.900001525878906,51.18000030517578,51.27560043334961,4305287,0
2025-12-18 20:30:00+00:00,51.52040100097656,52.04999923706055,51.52040100097656,51.849998474121094,5346913,0
2025-12-19 14:30:00+00:00,53.39440155029297,53.46989822387695,52.19300079345703,52.19499969482422,13937228,0
2025-12-19 15:00:00+00:00,53.08000183105469,53.63990020751953,52.81010055541992,53.38999938964844,6341831,0
2025-12-19 15:30:00+00:00,52.93439865112305,53.36000061035156,52.849998474121094,53.06999969482422,4551036,0
2025-12-19 16:00:00+00:00,53.284000396728516,53.400001525878906,52.790000915527344,52.93730163574219,3314495,0
2025-12-19 16:30:00+00:00,53.064998626708984,53.41999816894531,53.0,53.290000915527344,2621209,0
2025-12-19 17:00:00+00:00,53.474998474121094,53.5099983215332,53.052398681640625,53.06999969482422,2538401,0
2025-12-19 17:30:00+00:00,53.4901008605957,53.6150016784668,53.3755989074707,53.474998474121094,2334051,0
2025-12-19 18:00:00+00:00,53.479801177978516,53.579898834228516,53.435001373291016,53.4900016784668,1532944,0
2025-12-19 18:30:00+00:00,53.35499954223633,53.50510025024414,53.303199768066406,53.47999954223633,1557163,0
2025-12-19 19:00:00+00:00,53.519901275634766,53.54990005493164,53.349998474121094,53.35810089111328,1218737,0
2025-12-19 19:30:00+00:00,53.45640182495117,53.59000015258789,53.45000076293945,53.51499938964844,1183068,0
2025-12-19 20:00:00+00:00,53.54899978637695,53.58000183105469,53.45000076293945,53.45000076293945,1333555,0
2025-12-19 20:30:00+00:00,53.55009841918945,53.61000061035156,53.34000015258789,53.540000915527344,6478516,0
2025-12-22 14:30:00+00:00,54.61000061035156,54.88999938964844,54.13999938964844,54.685001373291016,16962505,0
2025-12-22 15:00:00+00:00,54.25,54.649898529052734,54.15999984741211,54.61000061035156,5986231,0
2025-12-22 15:30:00+00:00,54.166900634765625,54.29999923706055,53.880001068115234,54.2599983215332,15563876,0
2025-12-22 16:00:00+00:00,54.38999938964844,54.45000076293945,54.15010070800781,54.16999816894531,3150127,0
2025-12-22 16:30:00+00:00,54.404998779296875,54.404998779296875,54.25,54.38999938964844,2027832,0
2025-12-22 17:00:00+00:00,54.310001373291016,54.43000030517578,54.290000915527344,54.40999984741211,1317194,0
2025-12-22 17:30:00+00:00,54.44499969482422,54.47999954223633,54.23860168457031,54.314998626708984,1572525,0
2025-12-22 18:00:00+00:00,54.255001068115234,54.45000076293945,54.150001525878906,54.44499969482422,1885091,0
2025-12-22 18:30:00+00:00,54.2400016784668,54.31999969482422,54.185001373291016,54.25,1085606,0
2025-12-22 19:00:00+00:00,54.30379867553711,54.319000244140625,54.15999984741211,54.25270080566406,1202141,0
2025-12-22 19:30:00+00:00,54.255001068115234,54.3849983215332,54.2400016784668,54.310001373291016,1220307,0
2025-12-22 20:00:00+00:00,54.237098693847656,54.27000045776367,54.18000030517578,54.2400016784668,1053556,0
2025-12-22 20:30:00+00:00,54.2400016784668,54.31999969482422,54.18000030517578,54.2400016784668,2766491,0
2025-12-23 14:30:00+00:00,54.2599983215332,54.6349983215332,54.15999984741211,54.405601501464844,8561685,0
2025-12-23 15:00:00+00:00,54.150001525878906,54.279300689697266,53.86000061035156,54.27000045776367,5645637,0
2025-12-23 15:30:00+00:00,54.505001068115234,54.566001892089844,54.15060043334961,54.16080093383789,2630474,0
2025-12-23 16:00:00+00:00,54.57500076293945,54.63999938964844,54.47999954223633,54.505001068115234,1910048,0
2025-12-23 16:30:00+00:00,54.76499938964844,54.790000915527344,54.5099983215332,54.59000015258789,1582152,0
2025-12-23 17:00:00+00:00,54.72439956665039,54.79999923706055,54.70000076293945,54.7599983215332,1127397,0
2025-12-23 17:30:00+00:00,54.64500045776367,54.77000045776367,54.625,54.722999572753906,965998,0
2025-12-23 18:00:00+00:00,54.754398345947266,54.810001373291016,54.6349983215332,54.650001525878906,973314,0
2025-12-23 18:30:00+00:00,54.77000045776367,54.80509948730469,54.73500061035156,54.755001068115234,564604,0
2025-12-23 19:00:00+00:00,54.86000061035156,54.880001068115234,54.7599983215332,54.775001525878906,13992110,0
2025-12-23 19:30:00+00:00,54.91999816894531,54.939998626708984,54.81999969482422,54.85499954223633,875239,0
2025-12-23 20:00:00+00:00,54.92599868774414,54.970001220703125,54.903900146484375,54.91999816894531,966949,0
2025-12-23 20:30:00+00:00,55.0,55.06999969482422,54.88999938964844,54.92499923706055,3586971,0
2025-12-24 14:30:00+00:00,54.95000076293945,55.03499984741211,54.779998779296875,54.959999084472656,5020185,0
2025-12-24 15:00:00+00:00,54.98500061035156,55.13999938964844,54.90999984741211,54.94940185546875,2281160,0
2025-12-24 15:30:00+00:00,55.060699462890625,55.08000183105469,54.939998626708984,54.98500061035156,1306239,0
2025-12-24 16:00:00+00:00,55.21500015258789,55.239898681640625,55.060001373291016,55.064998626708984,1719703,0
2025-12-24 16:30:00+00:00,55.35499954223633,55.40999984741211,55.189998626708984,55.21889877319336,2040187,0
2025-12-24 17:00:00+00:00,55.349998474121094,55.38999938964844,55.28129959106445,55.349998474121094,1290388,0
2025-12-24 17:30:00+00:00,55.36000061035156,55.45000076293945,55.28219985961914,55.34000015258789,11187186,0
2025-12-26 14:30:00+00:00,55.40999984741211,55.744998931884766,55.30400085449219,55.5,5907680,0
2025-12-26 15:00:00+00:00,55.437599182128906,55.45000076293945,55.11000061035156,55.400001525878906,7434874,0
2025-12-26 15:30:00+00:00,55.537498474121094,55.56999969482422,55.37030029296875,55.42499923706055,2184928,0
2025-12-26 16:00:00+00:00,55.41999816894531,55.599998474121094,55.2599983215332,55.529998779296875,1762156,0
2025-12-26 16:30:00+00:00,55.3650016784668,55.470001220703125,55.36000061035156,55.42499923706055,1072247,0
2025-12-26 17:00:00+00:00,55.404998779296875,55.40999984741211,55.209999084472656,55.3650016784668,1370807,0
2025-12-26 17:30:00+00:00,55.349998474121094,55.41999816894531,55.27000045776367,55.400001525878906,1031652,0
2025-12-26 18:00:00+00:00,55.346099853515625,55.41999816894531,55.2400016784668,55.35499954223633,1101453,0
2025-12-26 18:30:00+00:00,55.474998474121094,55.47999954223633,55.33000183105469,55.34000015258789,901857,0
2025-12-26 19:00:00+00:00,55.400001525878906,55.52000045776367,55.38999938964844,55.47819900512695,740267,0
2025-12-26 19:30:00+00:00,55.46220016479492,55.5,55.36000061035156,55.40999984741211,742587,0
2025-12-26 20:00:00+00:00,55.35499954223633,55.47819900512695,55.321800231933594,55.459999084472656,802536,0
2025-12-26 20:30:00+00:00,55.290000915527344,55.38999938964844,55.244998931884766,55.35499954223633,2360267,0
2025-12-29 14:30:00+00:00,54.38990020751953,54.99079895019531,54.02949905395508,54.25,10383950,0
2025-12-29 15:00:00+00:00,54.53969955444336,54.564998626708984,54.0099983215332,54.38999938964844,3697186,0
2025-12-29 15:30:00+00:00,54.2599983215332,54.70949935913086,54.09000015258789,54.53499984741211,2900861,0
2025-12-29 16:00:00+00:00,54.279998779296875,54.36000061035156,54.125,54.27000045776367,2915906,0
2025-12-29 16:30:00+00:00,54.22999954223633,54.36000061035156,54.1349983215332,54.2672004699707,1476350,0
2025-12-29 17:00:00+00:00,53.9906005859375,54.29999923706055,53.91999816894531,54.224998474121094,1754736,0
2025-12-29 17:30:00+00:00,54.255001068115234,54.290000915527344,53.970001220703125,53.9900016784668,1801209,0
2025-12-29 18:00:00+00:00,54.2692985534668,54.31999969482422,54.130001068115234,54.25,1128480,0
2025-12-29 18:30:00+00:00,54.21500015258789,54.439998626708984,54.189998626708984,54.266998291015625,1084881,0
2025-12-29 19:00:00+00:00,54.32500076293945,54.33000183105469,54.15399932861328,54.220001220703125,891298,0
2025-12-29 19:30:00+00:00,54.65610122680664,54.709999084472656,54.310001373291016,54.32500076293945,1562553,0
2025-12-29 20:00:00+00:00,54.550201416015625,54.65999984741211,54.54999923706055,54.65999984741211,938694,0
2025-12-29 20:30:00+00:00,54.498199462890625,54.60900115966797,54.418701171875,54.55009841918945,2337075,0
2025-12-30 14:30:00+00:00,54.59920120239258,54.709999084472656,54.084999084472656,54.334999084472656,6224674,0
2025-12-30 15:00:00+00:00,54.22999954223633,54.619998931884766,54.14500045776367,54.59000015258789,6545180,0
2025-12-30 15:30:00+00:00,54.529998779296875,54.58000183105469,54.13999938964844,54.23500061035156,2341065,0
2025-12-30 16:00:00+00:00,54.69660186767578,54.81829833984375,54.4900016784668,54.502899169921875,2157445,0
2025-12-30 16:30:00+00:00,54.37009811401367,54.70989990234375,54.349998474121094,54.689998626708984,1403877,0
2025-12-30 17:00:00+00:00,54.3849983215332,54.399898529052734,54.25,54.361698150634766,10026591,0
2025-12-30 17:30:00+00:00,54.43330001831055,54.48609924316406,54.33000183105469,54.3849983215332,1236472,0
2025-12-30 18:00:00+00:00,54.47999954223633,54.4900016784668,54.29999923706055,54.435001373291016,1091303,0
2025-12-30 18:30:00+00:00,54.44710159301758,54.51599884033203,54.362701416015625,54.470001220703125,632658,0
2025-12-30 19:00:00+00:00,54.460201263427734,54.50899887084961,54.33000183105469,54.439998626708984,830329,0
2025-12-30 19:30:00+00:00,54.32500076293945,54.49319839477539,54.279998779296875,54.46910095214844,741845,0
2025-12-30 20:00:00+00:00,54.28990173339844,54.369998931884766,54.13999938964844,54.3140983581543,1345176,0
2025-12-30 20:30:00+00:00,54.0900993347168,54.33599853515625,54.040000915527344,54.279998779296875,2325582,0
2025-12-31 14:30:00+00:00,53.685001373291016,54.20000076293945,53.52000045776367,54.125,8546153,0
2025-12-31 15:00:00+00:00,53.654998779296875,53.744998931884766,53.439998626708984,53.68000030517578,3251804,0
2025-12-31 15:30:00+00:00,53.3650016784668,53.69499969482422,53.284000396728516,53.650001525878906,2847849,0
2025-12-31 16:00:00+00:00,53.62540054321289,53.630001068115234,53.349998474121094,53.349998474121094,2122483,0
2025-12-31 16:30:00+00:00,53.665000915527344,53.683998107910156,53.459999084472656,53.625,1728514,0
2025-12-31 17:00:00+00:00,53.55500030517578,53.68000030517578,53.439998626708984,53.66999816894531,1498367,0
2025-12-31 17:30:00+00:00,53.525001525878906,53.66680145263672,53.46229934692383,53.55500030517578,1012984,0
2025-12-31 18:00:00+00:00,53.659000396728516,53.65999984741211,53.47159957885742,53.52939987182617,1248114,0
2025-12-31 18:30:00+00:00,53.722599029541016,53.810001373291016,53.61289978027344,53.65909957885742,1748481,0
2025-12-31 19:00:00+00:00,53.52000045776367,53.849998474121094,53.5099983215332,53.72990036010742,1243755,0
2025-12-31 19:30:00+00:00,53.244998931884766,53.54499816894531,53.22010040283203,53.52989959716797,2605978,0
2025-12-31 20:00:00+00:00,52.869998931884766,53.26499938964844,52.83000183105469,53.244998931884766,3981249,0
2025-12-31 20:30:00+00:00,52.709999084472656,53.099998474121094,52.63999938964844,52.869998931884766,5492252,0
2026-01-02 14:30:00+00:00,54.44499969482422,54.875,53.880001068115234,54.334999084472656,16069510,0
2026-01-02 15:00:00+00:00,52.970001220703125,54.72999954223633,52.760501861572266,54.45000076293945,9569178,0
2026-01-02 15:30:00+00:00,52.2599983215332,53.65999984741211,52.17020034790039,52.95000076293945,11188576,0
2026-01-02 16:00:00+00:00,52.290000915527344,52.470001220703125,51.77000045776367,52.26499938964844,8575331,0
2026-01-02 16:30:00+00:00,52.07659912109375,52.59000015258789,51.834999084472656,52.279998779296875,27888931,0
2026-01-02 17:00:00+00:00,52.35900115966797,52.45000076293945,51.92499923706055,52.06999969482422,3040204,0
2026-01-02 17:30:00+00:00,51.970001220703125,52.439998626708984,51.900001525878906,52.3400993347168,2946523,0
2026-01-02 18:00:00+00:00,52.02830123901367,52.21929931640625,51.875,51.95800018310547,2079754,0
2026-01-02 18:30:00+00:00,51.79499816894531,52.13999938964844,51.61000061035156,52.029998779296875,2644198,0
2026-01-02 19:00:00+00:00,52.500099182128906,52.55500030517578,51.75,51.79499816894531,3693816,0
2026-01-02 19:30:00+00:00,52.439998626708984,52.779998779296875,52.36000061035156,52.500099182128906,3524650,0
2026-01-02 20:00:00+00:00,52.63999938964844,52.75,52.370201110839844,52.43000030517578,2020607,0
2026-01-02 20:30:00+00:00,52.349998474121094,52.68000030517578,52.2400016784668,52.6349983215332,4565780,0
2026-01-05 14:30:00+00:00,53.63990020751953,54.119998931884766,53.29499816894531,53.95000076293945,14167393,0
2026-01-05 15:00:00+00:00,54.1150016784668,54.18000030517578,53.46500015258789,53.63999938964844,6882321,0
2026-01-05 15:30:00+00:00,54.070098876953125,54.224998474121094,53.88999938964844,54.1150016784668,3232368,0
2026-01-05 16:00:00+00:00,54.18009948730469,54.2681999206543,53.9900016784668,54.06990051269531,2545061,0
2026-01-05 16:30:00+00:00,54.03200149536133,54.33000183105469,54.02180099487305,54.17499923706055,1961658,0
2026-01-05 17:00:00+00:00,53.849998474121094,54.12990188598633,53.779998779296875,54.04130172729492,2468339,0
2026-01-05 17:30:00+00:00,53.8406982421875,53.89939880371094,53.72119903564453,53.85129928588867,1748191,0
2026-01-05 18:00:00+00:00,53.709999084472656,53.880001068115234,53.40999984741211,53.84000015258789,2453587,0
2026-01-05 18:30:00+00:00,53.7598991394043,53.83980178833008,53.61000061035156,53.709999084472656,1425813,0
2026-01-05 19:00:00+00:00,53.59000015258789,53.790000915527344,53.58000183105469,53.757198333740234,1134225,0
2026-01-05 19:30:00+00:00,53.53499984741211,53.619998931884766,53.36000061035156,53.589900970458984,1910484,0
2026-01-05 20:00:00+00:00,53.685001373291016,53.709999084472656,53.470001220703125,53.529998779296875,1498979,0
2026-01-05 20:30:00+00:00,53.61000061035156,53.7599983215332,53.47869873046875,53.67499923706055,3495723,0
2026-01-06 14:30:00+00:00,54.63019943237305,54.689998626708984,53.75,53.91999816894531,10384961,0
2026-01-06 15:00:00+00:00,54.7598991394043,54.790000915527344,54.470001220703125,54.63999938964844,4765721,0
2026-01-06 15:30:00+00:00,54.2400016784668,54.758399963378906,54.150001525878906,54.7400016784668,4407165,0
2026-01-06 16:00:00+00:00,54.18000030517578,54.36000061035156,53.959999084472656,54.22999954223633,4945863,0
2026-01-06 16:30:00+00:00,54.204498291015625,54.305599212646484,54.137298583984375,54.17250061035156,2941193,0
2026-01-06 17:00:00+00:00,54.52040100097656,54.58000183105469,54.150001525878906,54.2239990234375,17187659,0
2026-01-06 17:30:00+00:00,54.67499923706055,54.839298248291016,54.52859878540039,54.529998779296875,2401229,0
2026-01-06 18:00:00+00:00,54.67839813232422,54.79999923706055,54.599998474121094,54.68000030517578,18143020,0
2026-01-06 18:30:00+00:00,54.95500183105469,54.959999084472656,54.68000030517578,54.70000076293945,1740061,0
2026-01-06 19:00:00+00:00,54.98500061035156,55.0,54.890098571777344,54.95500183105469,1543141,0
2026-01-06 19:30:00+00:00,54.974998474121094,55.060001373291016,54.959999084472656,55.00740051269531,1067248,0
2026-01-06 20:00:00+00:00,54.996700286865234,55.06999969482422,54.939998626708984,54.97999954223633,1539005,0
2026-01-06 20:30:00+00:00,55.10499954223633,55.150001525878906,54.970001220703125,54.9900016784668,2496013,0
2026-01-07 14:30:00+00:00,55.29990005493164,55.45000076293945,54.77090072631836,54.89699935913086,9091908,0
2026-01-07 15:00:00+00:00,55.369998931884766,55.42499923706055,55.029998779296875,55.29999923706055,4452567,0
2026-01-07 15:30:00+00:00,55.615501403808594,55.650001525878906,55.02000045776367,55.369998931884766,4377778,0
2026-01-07 16:00:00+00:00,55.55009841918945,55.7599983215332,55.45000076293945,55.619998931884766,13864256,0
2026-01-07 16:30:00+00:00,56.02000045776367,56.029998779296875,55.52000045776367,55.54999923706055,2819170,0
2026-01-07 17:00:00+00:00,56.11899948120117,56.150001525878906,55.98080062866211,56.025001525878906,2401332,0
2026-01-07 17:30:00+00:00,56.040000915527344,56.189998626708984,55.970001220703125,56.1150016784668,1773969,0
2026-01-07 18:00:00+00:00,55.779998779296875,56.040000915527344,55.75,56.025001525878906,1843954,0
2026-01-07 18:30:00+00:00,55.93230056762695,56.084999084472656,55.77000045776367,55.779998779296875,1970175,0
2026-01-07 19:00:00+00:00,55.58000183105469,55.939998626708984,55.529998779296875,55.939998626708984,1928182,0
2026-01-07 19:30:00+00:00,55.60070037841797,55.724998474121094,55.540000915527344,55.59000015258789,1591524,0
2026-01-07 20:00:00+00:00,55.34000015258789,55.66999816894531,55.290000915527344,55.619998931884766,2050771,0
2026-01-07 20:30:00+00:00,55.15999984741211,55.341800689697266,55.04999923706055,55.328399658203125,4411021,0
2026-01-08 14:30:00+00:00,53.720001220703125,54.755001068115234,53.65999984741211,54.75,14154421,0
2026-01-08 15:00:00+00:00,54.30500030517578,54.40079879760742,53.494998931884766,53.70000076293945,8368885,0
2026-01-08 15:30:00+00:00,54.21989822387695,54.35820007324219,53.75,54.310001373291016,16553945,0
2026-01-08 16:00:00+00:00,53.83060073852539,54.22600173950195,53.77000045776367,54.224998474121094,4176233,0
2026-01-08 16:30:00+00:00,54.125,54.18000030517578,53.58000183105469,53.81999969482422,19455677,0
2026-01-08 17:00:00+00:00,53.9099006652832,54.18000030517578,53.84080123901367,54.125,2661434,0
2026-01-08 17:30:00+00:00,54.18000030517578,54.33000183105469,53.900001525878906,53.90999984741211,3046493,0
2026-01-08 18:00:00+00:00,54.04499816894531,54.20560073852539,53.79999923706055,54.18920135498047,19888725,0
2026-01-08 18:30:00+00:00,53.87799835205078,54.1599006652832,53.837501525878906,54.04999923706055,19050009,0
2026-01-08 19:00:00+00:00,53.834999084472656,54.040000915527344,53.6515007019043,53.86009979248047,40972891,0
2026-01-08 19:30:00+00:00,53.92649841308594,53.959999084472656,53.75,53.84000015258789,1585209,0
